length_mm,diameter1_mm,diameter2_mm
0.000,1.7468,1.7892
0.000,1.7467,1.7892
0.000,1.7468,1.7895
0.000,1.7438,1.7893
0.000,1.7468,1.7893
0.000,1.7467,1.7894
0.000,1.7467,1.7893
0.000,1.7467,1.7894
0.000,1.7467,1.7893
0.000,1.7437,1.7894
0.000,1.7467,1.7893
0.000,1.7467,1.7893
0.000,1.7467,1.7893
0.000,1.7438,1.7919
0.000,1.7434,1.7893
0.000,1.7426,1.7814
2.743,1.7831,1.8026
6.629,1.7514,1.7993
6.629,1.7511,1.7992
6.629,1.7510,1.7991
6.629,1.7534,1.7987
6.629,1.7512,1.7925
10.286,1.7833,1.7961
16.000,1.7527,1.7764
18.743,1.7927,1.7872
21.029,1.7730,1.7932
23.771,1.7464,1.7760
26.971,1.7895,1.7923
34.743,1.7818,1.7838
42.057,1.7735,1.7768
45.486,1.7585,1.7803
49.371,1.7640,1.7728
50.057,1.7755,1.7975
54.400,1.7507,1.7833
56.229,1.7519,1.7790
57.829,1.7825,1.7982
61.029,1.7649,1.7935
65.600,1.7766,1.7908
68.114,1.7689,1.7923
68.114,1.7689,1.7922
68.571,1.7637,1.7880
72.914,1.7679,1.7805
78.629,1.7404,1.7827
83.429,1.7833,1.7964
88.457,1.7621,1.7756
92.571,1.7708,1.7880
95.771,1.7589,1.7827
100.114,1.7659,1.7875
103.771,1.7603,1.7779
109.257,1.7534,1.7938
113.143,1.7741,1.7763
113.143,1.7775,1.7763
113.143,1.7745,1.7762
113.143,1.7742,1.7763
113.143,1.7741,1.7759
113.143,1.7741,1.7761
113.143,1.7775,1.7970
118.171,1.7534,1.7850
122.971,1.7789,1.7977
127.543,1.7549,1.7983
132.800,1.7561,1.7910
134.171,1.7489,1.7780
140.800,1.7524,1.7841
142.629,1.7506,1.7842
142.629,1.7500,1.7841
142.629,1.7498,1.7842
142.629,1.7500,1.7843
142.629,1.7499,1.7832
149.486,1.7532,1.7965
158.171,1.7532,1.8054
166.400,1.7596,1.7833
171.200,1.7698,1.7791
177.829,1.7636,1.7937
188.571,1.7844,1.7959
189.486,1.7804,1.7956
192.914,1.7556,1.7950
197.714,1.7757,1.7978
197.714,1.7739,1.7975
197.714,1.7732,1.8009
203.657,1.7942,1.7788
212.343,1.7898,1.7868
212.343,1.7897,1.7866
218.057,1.7754,1.7968
226.057,1.7842,1.8001
232.686,1.7484,1.7988
241.829,1.7713,1.7789
248.457,1.7532,1.7807
249.600,1.7663,1.7795
249.600,1.7629,1.7797
249.600,1.7630,1.7806
251.657,1.7793,1.8020
258.057,1.7749,1.8037
263.543,1.7384,1.7960
264.457,1.7502,1.7977
268.800,1.7542,1.8010
268.800,1.7542,1.8011
268.800,1.7541,1.8045
269.486,1.7456,1.8019
269.714,1.7437,1.8017
269.714,1.7436,1.8018
269.714,1.7437,1.8017
272.229,1.7504,1.7815
279.086,1.7372,1.7735
284.800,1.7640,1.7853
286.857,1.7397,1.7851
286.857,1.7417,1.7822
293.029,1.7527,1.7820
300.571,1.7617,1.7864
305.600,1.7733,1.7784
305.600,1.7736,1.7787
305.600,1.7734,1.7809
305.600,1.7739,1.7809
305.600,1.7737,1.7784
305.600,1.7739,1.7810
305.600,1.7739,1.7809
305.600,1.7738,1.7808
305.600,1.7738,1.7808
305.600,1.7735,1.7810
305.600,1.7737,1.7810
305.600,1.7761,1.7818
310.857,1.7492,1.7871
319.314,1.7524,1.7755
320.000,1.7619,1.7753
320.229,1.7641,1.7775
332.114,1.7617,1.7790
335.314,1.7531,1.7788
335.543,1.7511,1.7737
336.457,1.7656,1.7747
336.686,1.7661,1.7748
336.686,1.7659,1.7746
336.686,1.7661,1.7747
336.686,1.7658,1.7745
336.686,1.7659,1.7745
336.686,1.7660,1.7745
336.686,1.7658,1.7745
336.686,1.7659,1.7746
336.686,1.7660,1.7746
336.686,1.7657,1.7744
339.200,1.7699,1.7942
341.486,1.7482,1.7940
341.943,1.7470,1.7797
349.029,1.7505,1.7731
357.257,1.7550,1.7792
358.629,1.7597,1.7791
361.829,1.7893,1.7799
371.886,1.7630,1.7680
379.886,1.7567,1.7890
380.571,1.7526,1.7889
380.800,1.7504,1.7729
387.200,1.7699,1.7740
392.000,1.7836,1.7719
392.000,1.7836,1.7723
392.000,1.7832,1.7724
392.000,1.7802,1.7722
392.000,1.7802,1.7726
392.000,1.7801,1.7725
392.000,1.7801,1.7724
392.686,1.7877,1.7876
402.514,1.7822,1.7774
409.371,1.7880,1.7875
413.257,1.7491,1.7909
413.257,1.7481,1.7840
415.771,1.7766,1.7863
421.943,1.7435,1.7864
421.943,1.7467,1.7841
421.943,1.7438,1.7844
421.943,1.7436,1.7860
426.057,1.7736,1.7770
434.057,1.7746,1.7943
439.543,1.7757,1.7909
447.543,1.7837,1.7735
453.486,1.7490,1.7803
458.971,1.7709,1.7830
462.629,1.7672,1.7800
462.629,1.7675,1.7798
462.629,1.7673,1.7905
470.171,1.7596,1.7737
477.486,1.7606,1.7727
484.114,1.7549,1.7699
489.600,1.7872,1.7983
491.200,1.7689,1.7985
491.200,1.7689,1.7984
491.200,1.7689,1.7983
491.200,1.7688,1.7983
491.200,1.7690,1.7983
491.200,1.7690,1.7983
491.200,1.7719,1.7984
491.200,1.7720,1.7982
491.200,1.7689,1.7983
491.200,1.7685,1.7960
492.343,1.7539,1.7701
495.543,1.7916,1.7676
498.514,1.7705,1.7693
508.343,1.7531,1.7600
517.943,1.7667,1.7816
524.114,1.7483,1.7858
524.114,1.7483,1.7853
527.543,1.7882,1.7807
534.400,1.7692,1.7735
534.400,1.7691,1.7734
534.400,1.7691,1.7754
541.714,1.7585,1.7950
551.086,1.7826,1.7916
559.543,1.7916,1.7881
566.400,1.7635,1.7779
566.400,1.7603,1.7839
573.029,1.7484,1.8007
582.171,1.7714,1.7913
591.086,1.7831,1.7967
593.829,1.7598,1.7967
593.829,1.7600,1.7967
593.829,1.7601,1.7969
593.829,1.7599,1.7969
593.829,1.7601,1.7969
596.114,1.7406,1.7729
597.714,1.7591,1.7727
597.714,1.7590,1.7999
604.571,1.7465,1.7869
612.343,1.7495,1.7799
612.571,1.7484,1.7709
619.200,1.7373,1.7748
624.229,1.7730,1.7942
624.457,1.7662,1.7970
624.457,1.7662,1.7968
627.429,1.7373,1.7982
637.486,1.7736,1.7934
640.686,1.7658,1.7732
647.314,1.7839,1.7873
648.000,1.7786,1.7874
648.000,1.7768,1.7871
648.000,1.7768,1.7873
650.514,1.7450,1.7715
653.029,1.7640,1.7720
657.143,1.7597,1.7825
661.029,1.7703,1.7754
661.029,1.7725,1.7917
669.486,1.7712,1.8058
678.857,1.7889,1.7706
687.771,1.7790,1.7720
693.943,1.7897,1.7816
699.200,1.7559,1.7625
701.029,1.7744,1.7863
709.029,1.7820,1.7795
714.971,1.7556,1.8000
723.200,1.7660,1.7723
724.343,1.7765,1.8050
729.371,1.7659,1.7965
740.800,1.7889,1.7653
749.714,1.7893,1.7845
750.400,1.7836,1.7844
750.400,1.7841,1.7843
750.400,1.7817,1.7845
750.629,1.7775,1.7667
759.771,1.7675,1.7669
769.371,1.7627,1.7841
779.657,1.7843,1.7875
785.371,1.7587,1.7756
793.600,1.7597,1.7721
801.371,1.7563,1.7658
802.743,1.7676,1.7654
802.743,1.7674,1.7654
803.429,1.7807,1.7689
815.771,1.7633,1.7747
820.571,1.7824,1.7746
821.029,1.7846,1.7716
829.257,1.7881,1.7736
832.000,1.7626,1.7739
832.000,1.7627,1.7738
832.000,1.7625,1.7737
832.000,1.7626,1.7738
832.000,1.7627,1.7737
832.000,1.7627,1.7737
832.229,1.7603,1.7708
832.457,1.7615,1.7707
832.457,1.7614,1.7709
832.457,1.7616,1.7706
834.286,1.7622,1.7697
836.800,1.7974,1.7821
837.257,1.7914,1.7865
840.229,1.7613,1.7567
844.114,1.7978,1.7779
850.971,1.7840,1.7841
859.429,1.7932,1.7580
860.343,1.7952,1.7582
861.486,1.7823,1.7758
861.486,1.7823,1.7773
868.343,1.7885,1.7689
868.343,1.7903,1.7687
868.343,1.7926,1.7683
868.343,1.7920,1.7685
868.343,1.7881,1.7687
871.086,1.7605,1.7725
881.371,1.7728,1.7845
890.286,1.7851,1.7760
892.800,1.7770,1.7767
892.800,1.7806,1.7767
892.800,1.7804,1.7767
892.800,1.7803,1.7764
893.714,1.7605,1.7574
899.200,1.7855,1.7572
899.886,1.7770,1.7698
910.857,1.7526,1.7675
915.886,1.7836,1.7740
921.829,1.7802,1.7579
926.629,1.7673,1.7711
934.629,1.7646,1.7825
944.457,1.7647,1.7613
946.057,1.7821,1.7603
951.086,1.7517,1.7679
958.400,1.7617,1.7597
960.686,1.7741,1.7730
967.543,1.7639,1.7813
977.371,1.7869,1.7697
978.971,1.7902,1.7696
978.971,1.7902,1.7928
985.600,1.7918,1.7762
993.829,1.8000,1.7606
994.057,1.8028,1.7605
999.543,1.7688,1.7842
1004.571,1.7737,1.7841
1005.257,1.7708,1.7874
1020.114,1.7760,1.7705
1028.343,1.7733,1.7597
1032.229,1.7787,1.7819
1041.829,1.7891,1.7643
1051.200,1.7776,1.7838
1051.200,1.7739,1.7697
1068.343,1.7667,1.7696
1078.857,1.7724,1.7662
1080.000,1.7830,1.7662
1087.771,1.7856,1.7799
1098.514,1.7758,1.7842
1103.543,1.7858,1.7740
1103.543,1.7830,1.7771
1103.543,1.7862,1.7762
1112.000,1.7940,1.7886
1119.314,1.7895,1.7910
1128.000,1.7879,1.7656
1139.886,1.7597,1.7657
1143.543,1.7841,1.7697
1143.543,1.7839,1.7695
1144.000,1.7879,1.7847
1150.629,1.7769,1.7958
1155.429,1.7732,1.7970
1161.829,1.7822,1.7720
1171.886,1.7559,1.7808
1178.514,1.7661,1.7918
1184.914,1.7713,1.7790
1193.143,1.7710,1.7885
1197.029,1.7555,1.7882
1197.029,1.7556,1.7887
1197.029,1.7556,1.7848
1202.971,1.7465,1.7712
1212.571,1.7669,1.7889
1221.714,1.7830,1.7925
1230.171,1.7798,1.7710
1233.600,1.7757,1.7734
1237.943,1.7923,1.7641
1237.943,1.7924,1.7646
1237.943,1.7924,1.7645
1237.943,1.7921,1.7647
1237.943,1.7918,1.7645
1237.943,1.7921,1.7645
1237.943,1.7920,1.7647
1237.943,1.7920,1.7646
1237.943,1.7918,1.7644
1237.943,1.7921,1.7646
1237.943,1.7919,1.7645
1237.943,1.7919,1.7645
1237.943,1.7920,1.7646
1237.943,1.7919,1.7646
1237.943,1.7919,1.7645
1237.943,1.7917,1.7645
1237.943,1.7918,1.7646
1237.943,1.7920,1.7689
1242.971,1.7643,1.7634
1249.143,1.7727,1.7686
1257.600,1.7691,1.7855
1259.657,1.7612,1.7860
1259.886,1.7641,1.8004
1267.886,1.7711,1.7789
1268.114,1.7781,1.7796
1276.114,1.7797,1.7754
1281.371,1.7779,1.7750
1289.829,1.7577,1.7773
1293.257,1.7909,1.7994
1300.800,1.7804,1.7604
1300.800,1.7807,1.7604
1300.800,1.7809,1.7607
1300.800,1.7804,1.7607
1300.800,1.7807,1.7636
1300.800,1.7807,1.7637
1300.800,1.7806,1.7637
1300.800,1.7806,1.7637
1300.800,1.7806,1.7638
1300.800,1.7806,1.7641
1300.800,1.7805,1.7639
1300.800,1.7806,1.7641
1300.800,1.7807,1.7639
1300.800,1.7806,1.7641
1300.800,1.7806,1.7644
1300.800,1.7805,1.7644
1300.800,1.7804,1.7644
1300.800,1.7774,1.7645
1300.800,1.7804,1.7645
1300.800,1.7773,1.7645
1300.800,1.7775,1.7642
1300.800,1.7774,1.7644
1300.800,1.7803,1.7641
1300.800,1.7803,1.7645
1300.800,1.7803,1.7643
1300.800,1.7803,1.7640
1300.800,1.7774,1.7607
1300.800,1.7805,1.7598
1302.400,1.7870,1.7981
1317.257,1.7900,1.7928
1322.286,1.7650,1.7961
1322.286,1.7649,1.7895
1327.543,1.7750,1.7660
1338.743,1.7687,1.7976
1351.086,1.7647,1.7656
1358.171,1.7898,1.7825
1358.629,1.7764,1.7739
1366.400,1.7806,1.7884
1366.400,1.7795,1.7879
1367.314,1.7778,1.7793
1375.771,1.7732,1.8009
1375.771,1.7708,1.8011
1378.514,1.7575,1.7980
1391.314,1.7700,1.7896
1394.743,1.7614,1.7837
1394.971,1.7603,1.7835
1397.486,1.7882,1.8066
1404.114,1.7828,1.7805
1404.800,1.7930,1.7769
1411.657,1.7775,1.7672
1411.657,1.7777,1.7670
1412.114,1.7766,1.7633
1412.114,1.7770,1.7632
1412.114,1.7769,1.7634
1412.114,1.7770,1.7668
1412.571,1.7848,1.8050
1418.286,1.7722,1.7842
1418.286,1.7721,1.7843
1418.286,1.7722,1.7843
1418.286,1.7721,1.7843
1418.514,1.7722,1.7842
1418.514,1.7721,1.7841
1418.514,1.7721,1.7772
1423.543,1.7716,1.8035
1423.771,1.7706,1.8033
1423.771,1.7707,1.8034
1423.771,1.7709,1.8034
1423.771,1.7707,1.8032
1423.771,1.7708,1.8032
1423.771,1.7709,1.8032
1424.686,1.7599,1.7922
1427.657,1.7779,1.7734
1427.657,1.7781,1.7733
1427.657,1.7781,1.7733
1427.657,1.7783,1.7737
1427.657,1.7783,1.7735
1427.657,1.7784,1.7737
1427.657,1.7784,1.7735
1427.657,1.7782,1.7735
1427.657,1.7784,1.7736
1427.657,1.7782,1.7735
1427.657,1.7781,1.7756
1430.171,1.7790,1.7720
1437.714,1.7906,1.7962
1444.114,1.7928,1.7882
1450.514,1.7689,1.7706
1450.514,1.7686,1.7855
1456.686,1.7658,1.7823
1466.743,1.7749,1.7979
1475.429,1.7820,1.8018
1482.514,1.7793,1.7752
1484.114,1.7939,1.7739
1485.714,1.7858,1.7765
1491.429,1.7878,1.7705
1498.743,1.7837,1.7694
1498.971,1.7823,1.7696
1498.971,1.7819,1.7656
1502.400,1.7743,1.7711
1509.714,1.7844,1.8069
1509.714,1.7821,1.8070
1509.714,1.7819,1.8041
1509.714,1.7841,1.8069
1509.714,1.7838,1.8070
1509.714,1.7839,1.8041
1509.714,1.7839,1.8069
1509.714,1.7840,1.8069
1509.714,1.7844,1.8069
1509.714,1.7842,1.8097
1517.486,1.7869,1.7990
1530.286,1.7927,1.7764
1537.371,1.7706,1.7756
1537.600,1.7748,1.7772
1552.000,1.7687,1.8072
1562.057,1.7943,1.7730
1575.314,1.7614,1.7847
1575.771,1.7617,1.7729
1583.314,1.7667,1.7886
1596.114,1.8053,1.7847
1596.114,1.8024,1.7717
1613.029,1.7891,1.7631
1616.914,1.7801,1.7606
1625.371,1.7984,1.7627
1639.771,1.7659,1.7935
1644.343,1.7923,1.7973
1651.200,1.7943,1.7885
1665.600,1.7977,1.7909
1671.086,1.7657,1.7849
1671.771,1.7757,1.7796
1675.200,1.7988,1.7825
1684.114,1.7772,1.7915
1688.457,1.7767,1.7769
1688.457,1.7767,1.7769
1688.457,1.7767,1.7769
1689.600,1.7978,1.7801
1705.371,1.7985,1.7747
1720.000,1.7729,1.7862
1735.543,1.7751,1.7739
1737.143,1.7941,1.7737
1738.743,1.7839,1.7965
1759.086,1.7643,1.7741
1774.400,1.7518,1.7796
1778.743,1.7996,1.8004
1794.514,1.7983,1.8082
1795.886,1.7770,1.7904
1809.143,1.7973,1.8064
1831.314,1.7668,1.7950
1848.457,1.7827,1.7798
1855.086,1.7592,1.7799
1855.086,1.7591,1.7797
1855.086,1.7589,1.7770
1855.086,1.7587,1.7774
1861.257,1.7584,1.7937
1866.971,1.7788,1.7936
1866.971,1.7785,1.7835
1875.886,1.7645,1.7986
1890.514,1.7735,1.7830
1898.514,1.7788,1.7886
1899.200,1.7695,1.7943
1915.657,1.7654,1.7763
1920.000,1.7782,1.7922
1931.886,1.7615,1.7771
1941.257,1.7336,1.7828
1945.829,1.7831,1.8022
1963.886,1.7583,1.7858
1986.971,1.7680,1.7662
1992.914,1.7795,1.7691
1992.914,1.7792,1.7753
1999.314,1.7700,1.7967
2007.314,1.7613,1.7685
2011.429,1.7677,1.7756
2017.600,1.7849,1.7853
2024.457,1.7772,1.7721
2028.571,1.7556,1.7838
2032.914,1.7816,1.7879
2034.514,1.7718,1.7867
2039.086,1.7604,1.7885
2049.829,1.7843,1.7732
2058.971,1.7674,1.7776
2061.714,1.7434,1.7775
2062.400,1.7501,1.7656
2067.657,1.7587,1.7775
2073.600,1.7869,1.7786
2073.600,1.7871,1.7786
2073.600,1.7870,1.7787
2073.600,1.7871,1.7787
2073.600,1.7871,1.7787
2073.600,1.7871,1.7788
2073.600,1.7871,1.7786
2073.600,1.7865,1.7786
2073.600,1.7863,1.7807
2073.600,1.7862,1.7807
2073.600,1.7863,1.7784
2073.600,1.7867,1.7785
2073.600,1.7870,1.7784
2073.600,1.7867,1.7787
2073.600,1.7861,1.7807
2073.600,1.7862,1.7808
2073.600,1.7861,1.7864
2081.143,1.7888,1.7892
2085.486,1.7451,1.7684
2089.371,1.7803,1.7655
2099.200,1.7666,1.7667
2109.257,1.7440,1.7687
2119.771,1.7594,1.7692
2119.771,1.7618,1.7691
2119.771,1.7618,1.7659
2120.000,1.7606,1.7682
2125.029,1.7384,1.7807
2138.971,1.7509,1.7649
2148.800,1.7346,1.7795
2160.457,1.7728,1.7674
2160.914,1.7735,1.7649
2160.914,1.7735,1.7650
2160.914,1.7759,1.7675
2160.914,1.7760,1.7674
2160.914,1.7757,1.7764
2169.829,1.7758,1.7883
2184.914,1.7873,1.7964
2187.657,1.7607,1.7937
2193.600,1.7798,1.7807
2206.400,1.7465,1.7637
2209.143,1.7824,1.7636
2209.143,1.7843,1.7682
2223.771,1.7768,1.7625
2236.572,1.7482,1.7728
2250.514,1.7638,1.7912
2257.143,1.7873,1.7575
2257.143,1.7900,1.7676
2266.971,1.7749,1.7860
2280.914,1.7897,1.7729
2280.914,1.7897,1.7726
2281.143,1.7916,1.7669
2297.143,1.7928,1.7876
2315.200,1.7677,1.7935
2325.257,1.7660,1.7930
2325.257,1.7655,1.7662
2332.572,1.7712,1.7789
2345.371,1.7944,1.7720
2355.657,1.7682,1.7740
2370.743,1.7891,1.7518
2383.543,1.7853,1.7482
2385.600,1.8002,1.7525
2397.943,1.7614,1.7838
2414.400,1.7611,1.7734
2424.914,1.7882,1.7634
2438.171,1.7514,1.7724
2442.971,1.7671,1.7915
2452.114,1.7611,1.7697
2464.914,1.7887,1.7895
2474.743,1.7763,1.7498
2489.143,1.7921,1.7639
2503.314,1.7622,1.7750
2503.543,1.7665,1.7656
2506.514,1.7732,1.7764
2520.914,1.7908,1.7780
2536.229,1.7772,1.7818
2553.143,1.7915,1.8134
2556.343,1.7808,1.8136
2556.800,1.7743,1.7962
2572.343,1.7788,1.7696
2589.029,1.7843,1.7993
2601.600,1.8117,1.7624
2607.543,1.7866,1.7739
2619.657,1.7843,1.7808
2636.114,1.7751,1.7815
2650.514,1.7813,1.7616
2655.086,1.7785,1.7575
2655.086,1.7784,1.7574
2655.086,1.7785,1.7571
2655.314,1.7771,1.7569
2655.314,1.7773,1.7585
2655.771,1.7825,1.7585
2655.771,1.7825,1.7585
2655.771,1.7825,1.7585
2655.771,1.7824,1.7585
2655.771,1.7826,1.7584
2660.572,1.7617,1.7682
2663.086,1.7737,1.7701
2663.543,1.7841,1.7651
2665.371,1.7877,1.7681
2669.943,1.7714,1.7679
2669.943,1.7712,1.7681
2669.943,1.7718,1.7682
2669.943,1.7717,1.7680
2669.943,1.7709,1.7680
2670.629,1.7790,1.8011
2680.000,1.7965,1.7700
2690.971,1.7647,1.7712
2699.886,1.7527,1.7755
2707.657,1.7588,1.7703
2710.171,1.7732,1.7727
2710.171,1.7725,1.7717
2710.171,1.7731,1.7718
2710.171,1.7705,1.7719
2710.171,1.7705,1.7719
2710.171,1.7732,1.7726
2710.171,1.7727,1.7726
2710.171,1.7727,1.7724
2710.171,1.7730,1.7679
2715.657,1.7666,1.7907
2715.657,1.7664,1.7906
2715.657,1.7632,1.7906
2715.886,1.7624,1.7871
2715.886,1.7626,1.7872
2715.886,1.7625,1.7874
2715.886,1.7629,1.7874
2715.886,1.7633,1.7873
2715.886,1.7634,1.7875
2715.886,1.7633,1.7873
2715.886,1.7631,1.7874
2715.886,1.7630,1.7872
2717.943,1.7603,1.7853
2724.343,1.7563,1.7806
2726.629,1.7776,1.7779
2726.629,1.7805,1.7777
2726.629,1.7805,1.7778
2726.629,1.7806,1.7779
2726.629,1.7806,1.7777
2726.857,1.7826,1.7971
2733.486,1.7602,1.7816
2737.143,1.7818,1.7837
2744.229,1.7888,1.7868
2748.114,1.7511,1.7877
2748.114,1.7514,1.7867
2750.171,1.7758,1.7881
2758.171,1.7672,1.7959
2766.400,1.7698,1.7952
2773.257,1.7558,1.7770
2779.886,1.7434,1.7724
2784.914,1.7890,1.7818
2784.914,1.7855,1.7710
2791.314,1.7881,1.7838
2799.314,1.7858,1.7738
2808.457,1.7730,1.7751
2815.086,1.7915,1.7820
2826.057,1.7580,1.7984
2838.857,1.7707,1.7911
2845.029,1.7509,1.7790
2845.029,1.7534,1.7790
2845.029,1.7518,1.7882
2853.486,1.7638,1.7917
2864.000,1.7847,1.7850
2878.629,1.7834,1.7803
2892.572,1.7591,1.7890
2901.943,1.7683,1.8014
2905.600,1.7546,1.7985
2909.029,1.7640,1.7839
2927.314,1.7833,1.7947
2945.143,1.7577,1.7835
2956.800,1.7693,1.7955
2966.171,1.7849,1.7817
2966.171,1.7853,1.8017
2975.771,1.7817,1.8015
2989.943,1.7818,1.7914
3003.886,1.7715,1.7771
3016.686,1.7717,1.7763
3024.229,1.7765,1.8022
3024.229,1.7807,1.7985
3036.572,1.7817,1.7574
3050.743,1.7607,1.7995
3062.400,1.7849,1.7966
3080.000,1.7649,1.7913
3086.400,1.7733,1.8009
3087.771,1.7687,1.8007
3090.743,1.7631,1.7825
3102.857,1.7835,1.7704
3108.572,1.7886,1.7615
3108.572,1.7858,1.7616
3108.572,1.7898,1.7854
3110.171,1.7833,1.7874
3113.143,1.7487,1.7953
3126.400,1.7689,1.7694
3138.971,1.7811,1.7861
3148.572,1.7897,1.8002
3153.371,1.7502,1.7900
3153.371,1.7485,1.7919
3156.114,1.7852,1.7799
3169.371,1.7555,1.7836
3181.943,1.7800,1.7757
3191.771,1.7706,1.7835
3205.486,1.7912,1.8003
3219.657,1.8027,1.7854
3224.686,1.7686,1.7809
3229.714,1.7802,1.7953
3244.800,1.7908,1.8023
3261.486,1.7895,1.7656
3272.229,1.7754,1.7627
3274.057,1.7861,1.7625
3274.057,1.7860,1.7624
3274.057,1.7861,1.7625
3274.057,1.7831,1.7625
3274.057,1.7860,1.7626
3274.057,1.7860,1.7626
3274.743,1.7952,1.7603
3288.229,1.7700,1.7760
3299.657,1.7851,1.7594
3313.829,1.7893,1.7793
3322.057,1.7801,1.7922
3331.200,1.7914,1.7677
3343.314,1.7439,1.7930
3351.543,1.7470,1.7918
3351.543,1.7480,1.7895
3352.000,1.7446,1.7599
3363.886,1.7900,1.7893
3371.886,1.7941,1.7653
3383.314,1.7499,1.7556
3393.143,1.7726,1.7917
3402.971,1.7975,1.7945
3411.200,1.7980,1.7991
3418.286,1.7858,1.7678
3424.914,1.7787,1.7793
3434.971,1.8004,1.8031
3437.486,1.7760,1.8036
3437.486,1.7759,1.8081
3442.743,1.7846,1.8075
3450.971,1.7939,1.7810
3464.457,1.7653,1.7592
3478.857,1.7681,1.7719
3490.743,1.7998,1.7990
3497.600,1.7856,1.7733
3510.629,1.7759,1.7770
3516.572,1.7918,1.7994
3516.572,1.7929,1.7991
3517.714,1.7814,1.8003
3531.429,1.7805,1.7953
3550.857,1.7567,1.7820
3557.486,1.7729,1.7749
3567.543,1.7701,1.7943
3579.200,1.7811,1.7892
3586.971,1.7818,1.7899
3586.971,1.7797,1.7844
3593.829,1.7906,1.7776
3605.714,1.7616,1.7777
3629.486,1.7565,1.8054
3640.229,1.7915,1.8152
3652.800,1.7667,1.7973
3654.400,1.7587,1.7972
3655.086,1.7624,1.7794
3662.629,1.7692,1.8095
3674.971,1.7785,1.7924
3697.371,1.8040,1.8056
3708.800,1.7616,1.7955
3715.886,1.7765,1.7958
3715.886,1.7784,1.7988
3715.886,1.7760,1.7649
3723.657,1.7722,1.7930
3739.657,1.7741,1.7887
3758.171,1.7784,1.7735
3774.629,1.7718,1.7683
3777.600,1.7940,1.7682
3777.600,1.7922,1.7657
3789.029,1.7563,1.7942
3803.200,1.7699,1.7942
3814.400,1.7634,1.7547
3832.914,1.7963,1.7882
3836.114,1.7752,1.7885
3836.114,1.7723,1.7744
3849.371,1.7942,1.7572
3870.629,1.7811,1.7933
3881.143,1.7933,1.7692
3881.143,1.7936,1.7660
3882.514,1.7759,1.7668
3895.086,1.7861,1.7996
3902.400,1.7719,1.7741
3902.400,1.7718,1.7737
3903.086,1.7841,1.7743
3908.800,1.7603,1.7640
3914.057,1.7790,1.7895
3915.200,1.7743,1.7895
3920.457,1.7958,1.7606
3936.000,1.7977,1.7884
3955.657,1.7786,1.7759
3974.400,1.7805,1.7801
3977.829,1.7949,1.7797
3982.629,1.7744,1.7761
4007.314,1.7975,1.8017
4021.943,1.7763,1.7964
4026.971,1.7793,1.7982
4026.971,1.7769,1.7902
4044.114,1.7587,1.7769
4069.029,1.7676,1.7798
4081.829,1.7802,1.7868
4081.829,1.7842,1.7996
4089.829,1.7828,1.7831
4102.400,1.7742,1.7977
4114.743,1.7653,1.8102
4132.114,1.7552,1.7808
4135.314,1.7857,1.7808
4135.543,1.7873,1.7829
4146.743,1.7618,1.7884
4171.657,1.7569,1.7813
4186.286,1.7579,1.8038
4195.429,1.7582,1.8047
4195.429,1.7547,1.7858
4209.829,1.7522,1.7952
4224.915,1.7803,1.7865
4239.314,1.7938,1.7730
4252.800,1.7611,1.7732
4254.400,1.7866,1.7734
4254.400,1.7861,1.7952
4269.486,1.7805,1.7763
4283.429,1.7506,1.8019
4306.057,1.7513,1.7729
4317.486,1.7854,1.7800
4321.829,1.7603,1.7977
4321.829,1.7644,1.7965
4326.400,1.7852,1.7855
4342.857,1.7884,1.7925
4352.457,1.7644,1.7796
4368.229,1.7694,1.7904
4384.915,1.7665,1.8020
4384.915,1.7653,1.8015
4394.514,1.7528,1.7969
4416.686,1.7604,1.7984
4434.057,1.7500,1.7872
4443.200,1.7593,1.7866
4443.200,1.7613,1.7862
4454.628,1.7822,1.7900
4470.171,1.7938,1.7873
4482.743,1.7694,1.7832
4501.943,1.7950,1.7811
4502.171,1.7954,1.7828
4506.286,1.7520,1.7759
4529.372,1.7514,1.7835
4547.429,1.7823,1.7716
4562.286,1.7582,1.7627
4565.029,1.7938,1.7633
4565.029,1.7954,1.7779
4582.171,1.7760,1.7827
4601.143,1.7348,1.7806
4618.286,1.7458,1.7984
4623.771,1.7647,1.8021
4624.000,1.7614,1.7778
4642.286,1.7559,1.7891
4664.229,1.7585,1.7837
4677.943,1.7778,1.7822
4691.200,1.7676,1.7957
4694.400,1.7826,1.7952
4701.486,1.7981,1.7711
4731.657,1.7902,1.7888
4746.743,1.7859,1.8019
4751.086,1.7726,1.8020
4751.086,1.7698,1.7946
4758.857,1.7674,1.7863
4780.343,1.7794,1.7982
4795.429,1.7890,1.8030
4799.086,1.7599,1.8036
4801.829,1.7605,1.7969
4823.771,1.7564,1.7941
4842.057,1.7757,1.7883
4856.686,1.7627,1.8074
4862.171,1.7738,1.8076
4862.628,1.7678,1.7699
4870.171,1.7671,1.7995
4883.886,1.7841,1.7925
4902.171,1.7652,1.7639
4911.543,1.7578,1.7840
4924.343,1.7849,1.7799
4924.343,1.7877,1.7802
4927.086,1.7675,1.7796
4940.343,1.7831,1.7790
4955.657,1.7933,1.7786
4970.514,1.7941,1.7931
4985.829,1.7913,1.7600
4986.514,1.8030,1.7600
4986.514,1.7994,1.7927
4995.200,1.7936,1.7850
5013.257,1.7784,1.8000
5032.229,1.7788,1.7887
5046.857,1.7635,1.7750
5050.743,1.7969,1.7754
5050.743,1.7958,1.7811
5057.600,1.7891,1.7723
5071.771,1.7707,1.7854
5083.429,1.7975,1.7683
5092.343,1.7773,1.7939
5099.200,1.7886,1.7938
5099.200,1.7858,1.7828
5109.486,1.7689,1.7987
5129.600,1.8030,1.7999
5147.429,1.7889,1.7904
5161.372,1.8014,1.7685
5161.829,1.8047,1.7678
5164.571,1.7836,1.7687
5181.257,1.7646,1.8091
5194.057,1.7920,1.7771
5205.029,1.7537,1.7742
5208.915,1.7797,1.7777
5208.915,1.7793,1.7804
5219.200,1.7671,1.7991
5234.743,1.7759,1.7800
5241.372,1.7989,1.7943
5252.343,1.7672,1.7707
5258.743,1.7847,1.7655
5272.000,1.7904,1.7721
5282.743,1.7766,1.7893
5282.743,1.7804,1.7893
5283.657,1.7717,1.7633
5290.743,1.7799,1.7999
5303.543,1.7899,1.7877
5324.114,1.7644,1.7740
5339.429,1.7618,1.7999
5348.114,1.7726,1.7869
5348.114,1.7728,1.7883
5348.800,1.7783,1.7830
5348.800,1.7746,1.7827
5349.029,1.7763,1.7798
5367.086,1.7938,1.7810
5375.086,1.7989,1.7897
5375.314,1.8006,1.7715
5392.915,1.7822,1.7752
5404.800,1.7840,1.7819
5416.000,1.7822,1.7926
5432.686,1.7771,1.7972
5432.915,1.7811,1.7967
5440.686,1.7834,1.7941
5458.743,1.7603,1.7943
5473.829,1.7693,1.7731
5484.571,1.7949,1.7699
5484.571,1.7910,1.7684
5500.800,1.7930,1.7749
5518.171,1.7986,1.7731
5534.400,1.7853,1.7678
5546.743,1.7926,1.7860
5553.600,1.7661,1.7792
5553.600,1.7691,1.7792
5553.600,1.7663,1.7792
5553.600,1.7663,1.7825
5553.600,1.7697,1.7793
5555.429,1.7936,1.7906
5579.200,1.7911,1.7840
5601.372,1.7771,1.7736
5616.229,1.7648,1.7989
5616.457,1.7599,1.7926
5636.800,1.7835,1.7834
5657.372,1.7897,1.7717
5666.743,1.8029,1.7728
5666.743,1.7995,1.7903
5677.486,1.7836,1.7722
5701.029,1.7811,1.7751
5720.457,1.7836,1.7810
5722.743,1.8089,1.7788
5722.972,1.8090,1.7867
5736.686,1.7909,1.7806
5750.857,1.7741,1.7856
5768.000,1.7922,1.7922
5774.628,1.7713,1.7925
5774.628,1.7716,1.7929
5774.628,1.7716,1.7921
5776.915,1.7941,1.7816
5795.657,1.7733,1.7887
5799.543,1.7839,1.7812
5806.857,1.7690,1.7928
5816.686,1.8014,1.7836
5829.029,1.7598,1.7797
5839.543,1.7993,1.7903
5846.857,1.7882,1.7894
5846.857,1.7876,1.7912
5858.057,1.7785,1.7988
5866.972,1.7745,1.7861
5878.400,1.7870,1.7826
5893.029,1.7731,1.8000
5900.343,1.7665,1.7935
5900.343,1.7668,1.7914
5906.514,1.7753,1.7907
5918.857,1.8042,1.8042
5930.743,1.7591,1.7919
5938.514,1.7602,1.7846
5946.972,1.7510,1.7853
5949.943,1.7923,1.7858
5949.943,1.7919,1.7914
5963.886,1.7532,1.7979
5977.143,1.7578,1.7957
5979.429,1.7556,1.7994
5979.429,1.7559,1.7994
5979.429,1.7552,1.7821
5985.600,1.7675,1.7937
5993.600,1.7630,1.7870
6002.743,1.7514,1.7896
6005.486,1.7821,1.8057
6011.200,1.7519,1.7981
6013.714,1.7943,1.8025
6020.114,1.7698,1.7793
6026.743,1.7579,1.7999
6026.743,1.7594,1.7975
6026.972,1.7614,1.7817
6035.429,1.7643,1.7956
6044.114,1.7785,1.7896
6053.029,1.7828,1.8016
6069.257,1.7852,1.7829
6080.457,1.7635,1.8001
6094.857,1.7862,1.7790
6106.972,1.7635,1.7832
6115.200,1.7514,1.7828
6118.400,1.7910,1.7860
6136.229,1.7673,1.7741
6152.686,1.7520,1.7705
6161.829,1.7546,1.7871
6171.200,1.7561,1.7816
6171.429,1.7619,1.7882
6189.714,1.8030,1.7792
6202.514,1.7583,1.7932
6219.657,1.7725,1.7725
6229.486,1.8020,1.7803
6230.171,1.8040,1.7800
6232.457,1.7672,1.7798
6244.114,1.7980,1.7757
6263.771,1.7663,1.7864
6277.257,1.7940,1.7709
6289.829,1.7529,1.7919
6290.514,1.7611,1.7791
6301.486,1.7921,1.7795
6317.029,1.8085,1.7894
6319.543,1.7708,1.7896
6319.543,1.7708,1.7894
6319.771,1.7690,1.7965
6320.229,1.7670,1.7965
6320.457,1.7624,1.7961
6320.686,1.7638,1.7625
6330.972,1.7736,1.7949
6340.571,1.7950,1.7618
6340.571,1.7933,1.7637
6350.628,1.7785,1.7633
6365.257,1.7880,1.7858
6381.486,1.7888,1.7878
6394.057,1.7597,1.7968
6394.057,1.7602,1.7907
6403.657,1.7811,1.7858
6420.114,1.7901,1.7794
6434.057,1.7742,1.7967
6437.714,1.7946,1.7968
6439.086,1.7806,1.7897
6457.143,1.7577,1.7984
6469.714,1.7770,1.7932
6486.171,1.7818,1.7945
6487.314,1.7700,1.7928
6487.314,1.7622,1.7803
6505.372,1.7777,1.7925
6524.571,1.7766,1.7882
6531.429,1.7927,1.7866
6531.429,1.7945,1.7882
6537.829,1.7719,1.7900
6554.286,1.7818,1.7919
6568.915,1.7632,1.8025
6582.857,1.7574,1.8056
6593.372,1.7775,1.7919
6593.372,1.7783,1.7852
6605.486,1.7676,1.7994
6620.114,1.7838,1.7950
6637.029,1.7750,1.7738
6648.686,1.7823,1.7878
6667.429,1.7885,1.7851
6672.000,1.7650,1.7884
6672.229,1.7661,1.7738
6681.600,1.7926,1.7840
6698.743,1.7976,1.7647
6712.915,1.7882,1.7775
6729.829,1.7935,1.7874
6741.029,1.7621,1.7987
6741.257,1.7650,1.7956
6741.943,1.7639,1.7900
6759.314,1.7663,1.7905
6772.343,1.7790,1.7830
6784.686,1.7884,1.7673
6801.143,1.8063,1.7633
6803.429,1.7903,1.7818
6803.429,1.7902,1.7913
6808.229,1.7911,1.7685
6824.686,1.7877,1.7698
6841.372,1.7898,1.7634
6856.457,1.7905,1.7719
6874.286,1.7895,1.7938
6883.886,1.7781,1.7904
6883.886,1.7782,1.7620
6894.171,1.7826,1.7753
6908.571,1.7709,1.7854
6927.314,1.7927,1.7904
6946.972,1.7652,1.8019
6947.200,1.7692,1.7996
6956.800,1.7621,1.8025
6984.229,1.8003,1.7979
6991.314,1.7857,1.7807
6999.771,1.8006,1.7788
7000.000,1.8001,1.7731
7018.514,1.7734,1.7875
7034.286,1.7811,1.7993
7049.143,1.7877,1.7769
7049.143,1.7926,1.7909
7064.457,1.7875,1.7925
7084.571,1.7651,1.7799
7098.743,1.7704,1.7808
7104.229,1.7949,1.7809
7109.943,1.7818,1.7884
7127.543,1.8086,1.8049
7144.229,1.7878,1.8011
7157.029,1.7741,1.7873
7157.029,1.7775,1.7886
7165.943,1.7912,1.7970
7179.429,1.7640,1.8021
7196.114,1.7850,1.7976
7208.457,1.7767,1.8047
7209.600,1.7780,1.8011
7214.400,1.8015,1.7974
7232.915,1.7793,1.7657
7252.571,1.7885,1.7799
7264.915,1.7784,1.7984
7264.915,1.7812,1.8014
7264.915,1.7812,1.7986
7264.915,1.7810,1.7985
7264.915,1.7808,1.7986
7264.915,1.7814,1.7987
7264.915,1.7787,1.7851
7273.829,1.7679,1.7966
7290.972,1.7829,1.7676
7304.915,1.7728,1.8024
7315.886,1.7989,1.7826
7328.229,1.7795,1.7903
7328.229,1.7798,1.7902
7328.229,1.7799,1.7900
7328.229,1.7831,1.7938
7328.229,1.7819,1.7766
7338.057,1.7768,1.7596
7357.257,1.7904,1.7719
7369.600,1.7802,1.7885
7382.400,1.7855,1.8059
7382.400,1.7874,1.8072
7388.571,1.8030,1.7714
7403.657,1.7995,1.7705
7410.514,1.7980,1.7698
7410.514,1.7981,1.7698
7410.514,1.7982,1.7697
7410.514,1.7982,1.7677
7410.514,1.7979,1.7681
7410.514,1.7979,1.7681
7410.514,1.7980,1.7679
7410.514,1.7980,1.7680
7410.514,1.7978,1.7681
7410.514,1.7979,1.7680
7410.514,1.7979,1.7681
7410.514,1.7978,1.7676
7410.514,1.8009,1.7857
7419.886,1.8066,1.8004
7434.286,1.8040,1.7773
7434.286,1.8017,1.7773
7434.286,1.8015,1.7776
7434.286,1.8038,1.7758
7436.800,1.7983,1.7784
7443.429,1.8006,1.7942
7448.229,1.7829,1.7763
7456.229,1.7810,1.7710
7457.600,1.7867,1.7709
7457.600,1.7867,1.7710
7457.600,1.7866,1.7745
7457.600,1.7866,1.7746
7457.600,1.7867,1.7715
7457.600,1.7867,1.7749
7457.600,1.7866,1.7751
7457.600,1.7870,1.7752
7457.600,1.7871,1.7752
7457.600,1.7867,1.7749
7457.600,1.7867,1.7751
7457.600,1.7868,1.7730
7457.600,1.7870,1.7756
7457.600,1.7863,1.7688
7465.143,1.7803,1.7918
7468.343,1.7793,1.7919
7471.771,1.7732,1.7817
7485.486,1.7948,1.7759
7495.771,1.7804,1.7783
7506.057,1.7956,1.7706
7506.057,1.7937,1.7712
7506.057,1.7938,1.7711
7506.057,1.7939,1.7713
7506.057,1.7940,1.7714
7506.057,1.7940,1.7714
7506.057,1.7940,1.7713
7506.057,1.7939,1.7713
7506.057,1.7940,1.7712
7506.057,1.7940,1.7716
7506.057,1.7942,1.7715
7506.057,1.7942,1.7715
7506.057,1.7971,1.7713
7506.057,1.7940,1.7715
7506.057,1.7941,1.7715
7506.057,1.7941,1.7743
7506.057,1.7939,1.7715
7506.057,1.7940,1.7743
7506.057,1.7941,1.7714
7506.057,1.7940,1.7715
7506.057,1.7940,1.7716
7506.057,1.7940,1.7714
7506.057,1.7975,1.7954
7515.657,1.7796,1.7961
7522.514,1.7858,1.8022
7529.600,1.7862,1.7799
7530.057,1.7891,1.7810
7530.057,1.7890,1.7808
7530.057,1.7888,1.7805
7530.057,1.7888,1.7808
7530.057,1.7889,1.7806
7530.057,1.7858,1.7807
7530.057,1.7888,1.7800
7538.514,1.7912,1.7882
7552.457,1.7710,1.7913
7565.257,1.7750,1.8038
7566.171,1.7650,1.8039
7566.171,1.7657,1.8038
7567.086,1.7603,1.7839
7576.457,1.7830,1.7910
7585.372,1.7985,1.7876
7585.372,1.8008,1.7871
7585.372,1.8005,1.7871
7585.372,1.8006,1.7870
7585.372,1.8006,1.7872
7585.372,1.8004,1.7941
7591.086,1.7678,1.7924
7593.829,1.8058,1.7949
7593.829,1.8065,1.7967
7599.771,1.7681,1.8027
7613.486,1.7599,1.8080
7628.571,1.7625,1.7823
7633.372,1.8065,1.7830
7633.372,1.8044,1.7793
7638.857,1.7658,1.8058
7655.086,1.7745,1.7866
7656.686,1.8012,1.7872
7656.686,1.8011,1.7873
7656.686,1.7986,1.7875
7656.686,1.7986,1.7874
7656.686,1.8012,1.7872
7656.686,1.8004,1.7840
7657.143,1.8014,1.7849
7658.057,1.8011,1.7946
7678.628,1.7695,1.7857
7687.771,1.7823,1.7822
7688.229,1.7917,1.7857
7688.229,1.7882,1.7855
7688.229,1.7877,1.7823
7688.229,1.7883,1.7856
7688.229,1.7915,1.7857
7688.229,1.7879,1.7794
7694.171,1.7589,1.7897
7708.343,1.7695,1.7802
7711.771,1.7846,1.7798
7711.771,1.7862,1.7772
7721.600,1.7990,1.7793
7735.771,1.7889,1.8075
7745.143,1.7976,1.7779
7746.057,1.7902,1.7775
7754.514,1.7624,1.7837
7774.857,1.7427,1.8017
7790.628,1.7536,1.7833
7791.543,1.7682,1.7831
7791.543,1.7702,1.7814
7791.543,1.7700,1.7820
7807.314,1.7694,1.7909
7816.457,1.7823,1.7679
7816.457,1.7871,1.7682
7816.457,1.7845,1.7680
7816.457,1.7869,1.7700
7829.257,1.7704,1.7909
7843.657,1.7779,1.7679
7848.457,1.7938,1.7646
7852.343,1.7764,1.7650
7860.343,1.7822,1.7717
7864.457,1.8028,1.7719
7864.457,1.8035,1.7813
7866.286,1.7854,1.7736
7882.286,1.7833,1.7986
7883.200,1.7743,1.7985
7883.200,1.7742,1.7983
7883.200,1.7743,1.7983
7883.200,1.7744,1.7982
7883.200,1.7739,1.7982
7883.429,1.7738,1.7896
7901.486,1.7631,1.7699
7904.686,1.7959,1.7809
7912.686,1.7904,1.7768
7912.686,1.7907,1.7800
7912.686,1.7907,1.7799
7912.686,1.7905,1.7798
7912.686,1.7906,1.7762
7917.486,1.7724,1.7718
7936.915,1.8018,1.7996
7950.400,1.7759,1.8024
7959.543,1.7946,1.7873
7972.114,1.7647,1.7764
7975.543,1.7934,1.7836
7995.886,1.7705,1.7831
8000.457,1.8086,1.7977
8017.829,1.7834,1.7903
8028.114,1.7628,1.7826
8031.543,1.8045,1.7754
8053.486,1.7854,1.7751
8068.800,1.7731,1.7655
8081.829,1.7722,1.7986
8082.286,1.7692,1.8095
8096.915,1.7690,1.7774
8115.200,1.7672,1.7797
8125.714,1.7930,1.7921
8127.314,1.7844,1.7943
8133.257,1.7946,1.7657
8151.086,1.7920,1.7658
8170.057,1.7640,1.7854
8189.486,1.7941,1.8010
8192.000,1.7736,1.8072
8199.314,1.7758,1.7790
8214.400,1.7931,1.7996
8230.629,1.7888,1.7877
8245.257,1.8020,1.7772
8250.058,1.7746,1.7777
8251.200,1.7900,1.7962
8268.571,1.8066,1.7887
8280.686,1.7706,1.7854
8293.943,1.7698,1.7949
8294.172,1.7655,1.7887
8314.515,1.7863,1.7989
8331.886,1.7965,1.7946
8344.914,1.7732,1.7836
8346.743,1.7892,1.7831
8352.457,1.7720,1.7737
8374.400,1.7683,1.7746
8390.172,1.7761,1.7801
8402.972,1.8089,1.7862
8402.972,1.8096,1.7794
8424.229,1.7695,1.7815
8448.229,1.7796,1.7621
8459.657,1.7902,1.7842
8459.657,1.7955,1.7842
8459.657,1.7952,1.7840
8459.657,1.7949,1.7840
8459.657,1.7950,1.7839
8459.657,1.7947,1.7865
8459.657,1.7949,1.7863
8459.657,1.7948,1.7863
8459.657,1.7948,1.7840
8459.886,1.7877,1.7836
8477.943,1.7732,1.7727
8497.829,1.7982,1.7685
8515.886,1.7647,1.7663
8520.914,1.7831,1.7653
8521.829,1.7837,1.7983
8541.485,1.7696,1.8017
8559.771,1.7895,1.7743
8560.229,1.7921,1.7715
8560.229,1.7919,1.7750
8560.229,1.7918,1.7748
8560.229,1.7915,1.7990
8574.400,1.7630,1.7723
8576.000,1.7895,1.7735
8588.114,1.7756,1.7699
8605.943,1.7739,1.7882
8627.886,1.7734,1.7997
8628.114,1.7734,1.7725
8641.829,1.7918,1.7995
8662.172,1.7679,1.7834
8671.771,1.7943,1.7753
8672.000,1.8002,1.7760
8696.457,1.7928,1.7711
8712.000,1.8063,1.7994
8714.972,1.7801,1.8000
8714.972,1.7797,1.7999
8717.485,1.7779,1.7693
8727.086,1.7946,1.7697
8728.457,1.8044,1.7940
8746.515,1.7766,1.8033
8764.114,1.7644,1.8015
8771.200,1.7784,1.7969
8779.200,1.7597,1.7792
8797.714,1.7790,1.7911
8800.914,1.8009,1.7909
8800.914,1.7988,1.7911
8800.914,1.8002,1.7749
8812.343,1.7677,1.7977
8819.657,1.7762,1.7978
8820.114,1.7709,1.7998
8837.943,1.7944,1.7706
8857.143,1.7813,1.7901
8867.657,1.7679,1.7858
8867.657,1.7680,1.7858
8867.657,1.7680,1.7855
8867.657,1.7704,1.7856
8867.657,1.7704,1.7855
8870.400,1.8003,1.7643
8886.629,1.7925,1.7668
8886.629,1.7928,1.7670
8886.629,1.7903,1.7673
8888.000,1.7827,1.8022
8901.485,1.7695,1.7732
8906.058,1.7738,1.8005
8919.086,1.7910,1.7801
8934.172,1.7853,1.7751
8950.629,1.7938,1.7752
8951.543,1.8031,1.7855
8962.058,1.7727,1.7917
8978.972,1.7730,1.7858
8989.943,1.7906,1.7784
9007.771,1.7879,1.7794
9012.571,1.7783,1.7806
9020.114,1.7831,1.7818
9038.857,1.7944,1.7982
9040.914,1.7706,1.7981
9041.371,1.7701,1.7974
9055.314,1.7899,1.7785
9075.657,1.7796,1.7833
9078.172,1.7875,1.7938
9098.058,1.7533,1.7728
9100.343,1.7790,1.7727
9100.343,1.7790,1.7942
9117.943,1.7858,1.7928
9128.000,1.7527,1.7975
9128.229,1.7527,1.7999
9128.686,1.7473,1.7961
9141.028,1.7910,1.7781
9141.257,1.7947,1.7757
9141.943,1.7956,1.7891
9146.058,1.7534,1.7937
9159.543,1.7604,1.7708
9170.972,1.7702,1.7797
9170.972,1.7687,1.7771
9172.114,1.7852,1.7744
9187.429,1.7863,1.7959
9194.286,1.7723,1.7882
9194.286,1.7723,1.7886
9194.286,1.7725,1.7884
9194.286,1.7724,1.7883
9197.028,1.7903,1.7759
9211.429,1.7818,1.7779
9211.429,1.7818,1.7800
9211.429,1.7820,1.7762
9211.657,1.7860,1.8087
9221.714,1.7816,1.7778
9237.257,1.7881,1.7747
9243.657,1.7886,1.7771
9244.800,1.7960,1.7869
9244.800,1.7960,1.7869
9244.800,1.7958,1.7909
9248.914,1.7607,1.7880
9266.286,1.7835,1.7702
9266.972,1.7903,1.7678
9266.972,1.7901,1.7702
9269.257,1.7949,1.8062
9280.686,1.7703,1.7855
9285.485,1.7923,1.7722
9307.657,1.8054,1.7837
9312.914,1.7685,1.7818
9312.914,1.7683,1.7854
9312.914,1.7682,1.7862
9312.914,1.7685,1.7855
9313.143,1.7723,1.8026
9319.771,1.7693,1.7965
9319.771,1.7692,1.7964
9319.771,1.7694,1.7963
9319.771,1.7661,1.7961
9319.771,1.7694,1.7933
9322.058,1.7911,1.7745
9330.058,1.7927,1.7718
9330.286,1.7952,1.7888
9344.229,1.7642,1.7791
9346.515,1.7944,1.7826
9346.515,1.7948,1.7786
9351.314,1.7665,1.8055
9362.286,1.7953,1.7866
9372.343,1.7875,1.8134
9386.743,1.8015,1.8001
9390.172,1.7711,1.8001
9390.172,1.7713,1.8025
9390.172,1.7710,1.7840
9400.686,1.7769,1.7789
9401.143,1.7860,1.7795
9401.371,1.7892,1.7792
9417.143,1.7983,1.7908
9421.943,1.7738,1.7882
9421.943,1.7735,1.7881
9421.943,1.7734,1.7926
9430.857,1.7657,1.7855
9430.857,1.7655,1.7854
9430.857,1.7660,1.7858
9430.857,1.7702,1.7840
9430.857,1.7677,1.7843
9430.857,1.7678,1.7843
9430.857,1.7679,1.7842
9430.857,1.7679,1.7841
9430.857,1.7677,1.7856
9430.857,1.7657,1.7784
9434.286,1.8042,1.7915
9434.286,1.8050,1.7914
9434.286,1.8089,1.7916
9434.286,1.8061,1.7708
9447.086,1.7801,1.7691
9456.229,1.7956,1.7720
9465.143,1.8073,1.8099
9481.600,1.7999,1.7917
9489.600,1.7953,1.7903
9491.200,1.7811,1.7715
9502.172,1.7755,1.7711
9504.229,1.7938,1.7967
9524.571,1.7688,1.7949
9536.914,1.8031,1.7635
9546.515,1.7912,1.8014
9546.972,1.7908,1.7933
9556.343,1.7708,1.7795
9567.771,1.7987,1.7848
9568.000,1.8001,1.7793
9583.086,1.7989,1.7902
9588.114,1.7751,1.7938
9591.086,1.8021,1.7912
9609.829,1.7877,1.7706
9613.257,1.7882,1.7661
9623.771,1.7965,1.7920
9634.743,1.7767,1.7726
9641.371,1.7862,1.8027
9644.343,1.7836,1.7737
9653.714,1.7919,1.7751
9653.714,1.7885,1.7752
9656.000,1.7819,1.7993
9669.257,1.7795,1.7799
9669.485,1.7839,1.7845
9688.000,1.7764,1.7944
9708.571,1.7836,1.7791
9719.314,1.7979,1.7946
9732.343,1.7714,1.7806
9746.972,1.7500,1.8009
9746.972,1.7502,1.8003
9751.314,1.7793,1.7765
9759.086,1.8020,1.7889
9772.114,1.7674,1.8074
9795.429,1.7524,1.7758
9804.571,1.7691,1.7903
9804.571,1.7659,1.7913
9813.485,1.7943,1.7957
9829.943,1.7896,1.7869
9829.943,1.7896,1.7866
9829.943,1.7897,1.7891
9830.172,1.7924,1.7838
9855.314,1.7935,1.8011
9865.143,1.7829,1.8069
9874.743,1.7580,1.8069
9899.886,1.7528,1.7885
9902.629,1.7947,1.7866
9903.086,1.7902,1.8106
9906.515,1.7430,1.8032
9919.543,1.7781,1.7878
9940.800,1.7826,1.7901
9940.800,1.7828,1.8053
9958.629,1.7984,1.8117
9960.229,1.7780,1.7846
9970.743,1.7592,1.7825
9991.543,1.7716,1.8047
10007.314,1.7745,1.8108
10007.314,1.7744,1.8087
10007.771,1.7694,1.8031
10029.028,1.7885,1.7948
10042.743,1.7602,1.7854
10043.657,1.7708,1.7858
10048.229,1.7521,1.7809
10066.058,1.7560,1.7909
10068.800,1.7936,1.7889
10090.286,1.7728,1.7888
10092.114,1.7940,1.7903
10108.114,1.7816,1.7837
10121.829,1.7512,1.7788
10139.429,1.7773,1.7783
10147.200,1.7749,1.7957
10161.143,1.7609,1.7819
10171.200,1.7984,1.7908
10181.485,1.7824,1.7939
10184.457,1.7523,1.7926
10184.457,1.7490,1.7944
10184.457,1.7507,1.7945
10184.457,1.7484,1.7920
10186.972,1.7833,1.7739
10187.200,1.7868,1.8018
10209.371,1.7591,1.7861
10211.429,1.7947,1.8044
10238.172,1.7601,1.7975
10240.914,1.7488,1.7908
10261.028,1.7943,1.7752
10261.943,1.7746,1.7890
10277.257,1.7932,1.7873
10277.257,1.7906,1.7715
10297.371,1.7593,1.7761
10298.972,1.7838,1.7928
10315.886,1.7889,1.7966
10329.143,1.7569,1.7962
10337.600,1.7747,1.7785
10347.429,1.7840,1.7732
10357.714,1.7786,1.7982
10377.371,1.7636,1.7837
10377.600,1.7631,1.7813
10392.457,1.7606,1.7884
10393.143,1.7577,1.7866
10397.485,1.7739,1.7895
10414.629,1.7624,1.7825
10418.286,1.7667,1.7827
10418.286,1.7671,1.7833
10420.114,1.7879,1.7876
10425.143,1.7584,1.7875
10425.143,1.7583,1.7873
10425.143,1.7584,1.7872
10425.143,1.7583,1.7874
10425.143,1.7589,1.7864
10446.629,1.7574,1.7967
10458.058,1.7744,1.7811
10458.286,1.7770,1.7814
10460.800,1.7884,1.7898
10476.343,1.7880,1.7679
10476.343,1.7884,1.7681
10480.457,1.7495,1.7795
10482.972,1.7869,1.7785
10491.200,1.7890,1.7900
10512.000,1.7532,1.7947
10513.600,1.7580,1.7845
10527.086,1.7560,1.7989
10537.371,1.7648,1.7924
10550.400,1.7627,1.7849
10563.886,1.8067,1.7760
10565.714,1.7796,1.8042
10580.571,1.7905,1.7898
10581.028,1.7887,1.8039
10601.371,1.7684,1.7839
10605.714,1.7674,1.7891
10626.515,1.7873,1.7872
10627.657,1.7980,1.7828
10639.314,1.7649,1.7875
10641.143,1.7742,1.8087
10654.629,1.7703,1.7814
10658.058,1.7913,1.7811
10665.829,1.7970,1.7757
10679.086,1.7729,1.7941
10680.000,1.7688,1.7815
10698.058,1.7989,1.7767
10699.200,1.8082,1.7852
10712.686,1.7826,1.7676
10713.371,1.7943,1.7653
10721.829,1.7993,1.7892
10732.571,1.7811,1.7922
10741.028,1.7767,1.7712
10747.429,1.7876,1.7840
10756.800,1.7742,1.8014
10765.485,1.7753,1.7965
10775.543,1.7705,1.7793
10786.743,1.7959,1.7690
10792.000,1.7861,1.7690
10798.629,1.7648,1.7607
10801.371,1.7902,1.7546
10813.257,1.7866,1.7719
10814.629,1.7765,1.7672
10826.058,1.7932,1.7653
10835.429,1.7944,1.7657
10840.229,1.7835,1.7654
10843.657,1.7842,1.7661
10849.371,1.7997,1.7980
10859.886,1.7720,1.7882
10879.086,1.7812,1.7769
10888.229,1.7953,1.7727
10889.600,1.7966,1.8048
10907.200,1.7860,1.7732
10920.457,1.7947,1.7714
10921.371,1.7979,1.7711
10930.743,1.7840,1.8003
10930.743,1.7819,1.8002
10930.743,1.7831,1.8096
10935.771,1.7881,1.7953
10950.857,1.7741,1.7889
10953.371,1.8055,1.7887
10953.371,1.8052,1.7885
10953.371,1.8052,1.7879
10962.058,1.7914,1.7817
10981.257,1.7720,1.7944
10982.629,1.7806,1.8068
10996.571,1.7804,1.8029
11006.857,1.7865,1.7803
11007.086,1.7880,1.7887
11019.200,1.7764,1.8075
11019.200,1.7788,1.8071
11019.200,1.7783,1.7837
11034.515,1.7905,1.8036
11042.286,1.7850,1.7924
11056.686,1.7995,1.7905
11056.686,1.7998,1.7905
11060.114,1.7662,1.7846
11069.943,1.7789,1.8045
11085.943,1.7803,1.7929
11096.914,1.7839,1.7980
11096.914,1.7841,1.7980
11096.914,1.7844,1.7985
11096.914,1.7824,1.7986
11096.914,1.7798,1.7874
11109.943,1.7852,1.7795
11109.943,1.7889,1.7828
11109.943,1.7887,1.8003
11125.714,1.7950,1.7833
11139.429,1.7646,1.7747
11142.629,1.7963,1.7751
11142.629,1.7960,1.7748
11142.629,1.7958,1.7810
11155.657,1.7625,1.8003
11165.943,1.7829,1.7840
11165.943,1.7859,1.7847
11165.943,1.7830,1.7848
11165.943,1.7837,1.7850
11165.943,1.7836,1.7849
11165.943,1.7836,1.7851
11165.943,1.7834,1.7849
11165.943,1.7835,1.7848
11165.943,1.7837,1.7850
11165.943,1.7835,1.7850
11165.943,1.7837,1.7879
11165.943,1.7841,1.7839
11166.172,1.7895,1.7840
11166.172,1.7887,1.7851
11166.172,1.7892,1.7881
11166.172,1.7895,1.7881
11166.172,1.7893,1.7881
11166.172,1.7890,1.7880
11166.172,1.7889,1.7879
11166.172,1.7859,1.7879
11166.172,1.7854,1.7881
11166.172,1.7857,1.7880
11166.172,1.7856,1.7880
11166.172,1.7853,1.7880
11166.172,1.7854,1.7880
11166.172,1.7856,1.7879
11166.172,1.7850,1.7840
11166.172,1.7859,1.7838
11166.172,1.7858,1.7864
11166.172,1.7858,1.7838
11166.172,1.7858,1.8052
11191.543,1.7793,1.8053
11193.829,1.7664,1.8061
11193.829,1.7663,1.8058
11193.829,1.7672,1.8063
11193.829,1.7671,1.8063
11193.829,1.7673,1.8065
11193.829,1.7650,1.8064
11193.829,1.7649,1.8063
11193.829,1.7675,1.8063
11193.829,1.7673,1.8063
11193.829,1.7677,1.8061
11193.829,1.7650,1.8063
11193.829,1.7676,1.8061
11193.829,1.7673,1.8063
11193.829,1.7675,1.8062
11193.829,1.7653,1.8061
11193.829,1.7672,1.8059
11193.829,1.7668,1.8059
11193.829,1.7673,1.8060
11193.829,1.7670,1.8059
11193.829,1.7667,1.8058
11193.829,1.7669,1.8058
11193.829,1.7667,1.8058
11193.829,1.7665,1.8058
11193.829,1.7672,1.8060
11193.829,1.7667,1.8059
11193.829,1.7662,1.8059
11194.058,1.7641,1.7810
11199.086,1.7890,1.7811
11199.086,1.7855,1.7813
11199.086,1.7858,1.7812
11199.086,1.7889,1.7815
11199.086,1.7887,1.7856
11199.086,1.7854,1.7856
11199.086,1.7850,1.7856
11199.086,1.7856,1.7855
11199.086,1.7889,1.7852
11199.086,1.7853,1.7824
11199.086,1.7850,1.7822
11199.086,1.7891,1.7824
11199.086,1.7896,1.7823
11199.086,1.7900,1.7822
11199.086,1.7899,1.7817
11199.086,1.7847,1.8056
11207.086,1.7920,1.7805
11215.771,1.7915,1.7819
11215.771,1.7935,1.7818
11215.771,1.7934,1.7946
11224.686,1.7836,1.7802
11249.143,1.7728,1.7811
11255.543,1.7882,1.7802
11261.714,1.7932,1.7842
11281.143,1.7703,1.7993
11281.143,1.7725,1.7992
11282.286,1.7647,1.7662
11301.485,1.7937,1.7665
11301.943,1.7965,1.7658
11301.943,1.7983,1.7927
11320.000,1.7766,1.7939
11330.972,1.7608,1.7890
11330.972,1.7594,1.7875
11330.972,1.7598,1.7878
11330.972,1.7603,1.7907
11330.972,1.7603,1.7906
11330.972,1.7602,1.7907
11330.972,1.7596,1.7878
11330.972,1.7620,1.7878
11330.972,1.7620,1.7907
11330.972,1.7594,1.7878
11330.972,1.7597,1.7906
11330.972,1.7599,1.7878
11330.972,1.7599,1.7878
11330.972,1.7598,1.7875
11330.972,1.7613,1.7782
11347.200,1.7651,1.7889
11353.371,1.7787,1.7955
11355.886,1.7745,1.7597
11373.485,1.7981,1.7592
11373.485,1.7981,1.7567
11373.485,1.7978,1.7569
11373.485,1.7977,1.7567
11373.485,1.7976,1.7567
11373.485,1.7978,1.7593
11373.485,1.7978,1.7592
11373.485,1.7977,1.7583
11373.485,1.7977,1.7553
11373.485,1.7976,1.7580
11373.485,1.7980,1.7580
11374.172,1.8081,1.7700
11393.371,1.7804,1.7934
11393.371,1.7774,1.7898
11401.143,1.7732,1.7693
11421.028,1.7957,1.7638
11421.257,1.7987,1.7717
11438.857,1.7894,1.7811
11439.314,1.7868,1.7815
11440.686,1.7763,1.7820
11452.571,1.7914,1.7748
11454.172,1.8015,1.7751
11454.172,1.8024,1.7752
11454.172,1.8023,1.7754
11454.172,1.8024,1.7751
11454.172,1.8021,1.7716
11458.515,1.7673,1.7703
11468.571,1.7902,1.7640
11468.571,1.7901,1.7710
11483.200,1.7755,1.7675
11484.343,1.7834,1.7908
11498.286,1.7696,1.7909
11512.914,1.7711,1.8002
11512.914,1.7751,1.8007
11512.914,1.7736,1.8011
11512.914,1.7735,1.8009
11512.914,1.7757,1.8010
11512.914,1.7758,1.8007
11512.914,1.7755,1.8007
11512.914,1.7757,1.8007
11513.371,1.7676,1.7778
11535.314,1.7777,1.7880
11542.857,1.7782,1.7885
11543.086,1.7756,1.7828
11565.257,1.7982,1.7563
11567.086,1.7842,1.7937
11591.086,1.7794,1.7762
11609.829,1.7653,1.7969
11609.829,1.7652,1.7968
11609.829,1.7651,1.7930
11610.058,1.7670,1.7931
11610.058,1.7668,1.7930
11610.058,1.7673,1.7837
11640.686,1.7670,1.7969
11657.829,1.7675,1.7953
11657.829,1.7676,1.7952
11657.829,1.7674,1.7952
11657.829,1.7676,1.7951
11657.829,1.7675,1.7950
11657.829,1.7676,1.7950
11657.829,1.7674,1.7948
11657.829,1.7674,1.7949
11657.829,1.7673,1.7950
11657.829,1.7672,1.7950
11657.829,1.7675,1.7948
11658.286,1.7733,1.8060
11673.143,1.7733,1.7797
11676.114,1.7982,1.7795
11685.028,1.7932,1.8035
11711.771,1.7765,1.8043
11711.771,1.7764,1.8014
11711.771,1.7765,1.8013
11712.914,1.7728,1.8062
11717.943,1.7858,1.8062
11717.943,1.7890,1.8061
11717.943,1.7891,1.8062
11717.943,1.7891,1.8064
11717.943,1.7897,1.8064
11717.943,1.7896,1.8064
11717.943,1.7880,1.8064
11717.943,1.7880,1.8063
11717.943,1.7877,1.8061
11717.943,1.7877,1.8063
11717.943,1.7881,1.8064
11717.943,1.7874,1.8059
11725.714,1.7883,1.7971
11737.371,1.7803,1.7901
11748.114,1.8062,1.7802
11758.172,1.7820,1.8068
11758.172,1.7826,1.8101
11758.172,1.7859,1.8102
11758.172,1.7859,1.8079
11769.371,1.8027,1.7898
11775.543,1.7836,1.7901
11775.543,1.7859,1.7936
11775.543,1.7824,1.7898
11778.515,1.8108,1.7862
11794.286,1.8031,1.7808
11794.515,1.8041,1.7808
11794.515,1.8036,1.7806
11794.515,1.8037,1.7788
11818.515,1.8141,1.7780
11824.686,1.7904,1.7910
11841.371,1.8027,1.7912
11861.943,1.7789,1.7993
11876.800,1.7823,1.7998
11880.457,1.8002,1.8030
11901.257,1.7808,1.7806
11903.543,1.7946,1.7756
11919.314,1.7930,1.7778
11934.172,1.7834,1.7796
11947.657,1.7868,1.7752
11953.371,1.8049,1.7770
11953.371,1.8051,1.7768
11953.371,1.8048,1.7802
11953.371,1.8052,1.7806
11953.371,1.8054,1.7806
11953.371,1.8053,1.7806
11953.371,1.8052,1.7804
11953.371,1.8053,1.7807
11953.371,1.8053,1.7807
11953.371,1.8052,1.7806
11953.371,1.8051,1.7808
11953.371,1.8054,1.7805
11953.371,1.8053,1.7805
11953.371,1.8052,1.7800
11953.371,1.8047,1.7702
11976.686,1.8083,1.7994
11993.600,1.8002,1.7869
11993.600,1.8002,1.7868
11993.829,1.7971,1.7751
12002.286,1.7943,1.7984
12002.972,1.7921,1.7985
12003.200,1.7873,1.7603
12019.657,1.7917,1.7848
12023.771,1.7962,1.7979
12049.371,1.7920,1.7968
12069.485,1.7800,1.8079
12074.515,1.7842,1.7759
12089.143,1.7944,1.7921
12106.972,1.7709,1.7918
12109.257,1.7715,1.7915
12111.314,1.8028,1.8068
12129.829,1.7883,1.8103
12148.571,1.7811,1.8005
12173.485,1.7874,1.7764
12181.714,1.7939,1.7740
12202.515,1.7652,1.7941
12222.400,1.8044,1.7861
12230.400,1.7941,1.8006
12257.143,1.7634,1.8043
12276.343,1.7734,1.7982
12276.571,1.7761,1.7972
12296.229,1.7754,1.7988
12316.114,1.7660,1.7974
12325.257,1.7891,1.7832
12330.743,1.7673,1.7740
12348.800,1.7949,1.7817
12348.800,1.7954,1.7823
12348.800,1.7949,1.7822
12348.800,1.7949,1.7823
12348.800,1.7948,1.7823
12348.800,1.7947,1.7822
12348.800,1.7947,1.7812
12349.028,1.7933,1.7812
12365.485,1.8056,1.7945
12389.028,1.7921,1.7795
12390.857,1.7917,1.7977
12399.086,1.7786,1.7896
12422.629,1.7908,1.7956
12437.028,1.7922,1.7660
12437.028,1.7924,1.7659
12437.028,1.7923,1.7658
12437.028,1.7920,1.7654
12437.028,1.7923,1.7657
12437.028,1.7928,1.7657
12437.028,1.7912,1.7656
12437.028,1.7909,1.7654
12437.028,1.7908,1.7654
12437.028,1.7903,1.7927
12453.943,1.8041,1.8000
12469.485,1.8060,1.7746
12469.485,1.8061,1.7748
12469.485,1.8062,1.7747
12469.485,1.8061,1.7746
12469.485,1.8061,1.7714
12470.172,1.8050,1.7790
12470.172,1.8051,1.7793
12470.172,1.8089,1.7789
12474.972,1.7830,1.8050
12498.743,1.7773,1.7777
12501.715,1.8117,1.7876
12523.429,1.7936,1.7707
12543.771,1.7787,1.7856
12545.371,1.7798,1.7816
12557.715,1.7946,1.7695
12570.743,1.7912,1.7862
12580.800,1.7963,1.7842
12588.343,1.7939,1.7600
12600.914,1.7770,1.7790
12607.771,1.7723,1.7882
12608.229,1.7709,1.7871
12608.229,1.7709,1.7873
12608.229,1.7709,1.7872
12608.229,1.7707,1.7871
12608.229,1.7711,1.7866
12608.457,1.7754,1.8035
12623.771,1.7730,1.7739
12628.343,1.7766,1.7901
12628.343,1.7772,1.7905
12628.343,1.7810,1.7936
12628.343,1.7809,1.7937
12628.343,1.7815,1.7936
12628.343,1.7815,1.7935
12628.343,1.7790,1.7937
12628.343,1.7790,1.7937
12628.343,1.7793,1.7936
12628.343,1.7816,1.7942
12635.200,1.7981,1.8034
12653.028,1.7915,1.7911
12655.314,1.7681,1.7909
12655.314,1.7719,1.7917
12655.314,1.7719,1.7917
12655.314,1.7689,1.7917
12655.314,1.7690,1.7915
12655.314,1.7690,1.7914
12655.314,1.7689,1.7916
12655.314,1.7690,1.7915
12655.314,1.7689,1.7916
12655.314,1.7679,1.7874
12659.200,1.8032,1.7875
12685.485,1.7874,1.7720
12703.543,1.7687,1.7708
12704.000,1.7785,1.7744
12704.000,1.7778,1.7749
12704.000,1.7777,1.7748
12704.000,1.7776,1.7715
12704.000,1.7778,1.7743
12704.000,1.7779,1.7747
12704.000,1.7746,1.7747
12704.000,1.7746,1.7747
12704.000,1.7745,1.7746
12704.000,1.7745,1.7746
12704.000,1.7744,1.7745
12704.000,1.7742,1.7744
12704.000,1.7744,1.7712
12704.000,1.7746,1.7708
12704.000,1.7778,1.7707
12704.000,1.7776,1.7743
12704.000,1.7745,1.7744
12704.000,1.7745,1.7745
12704.000,1.7744,1.7747
12704.000,1.7744,1.7746
12704.000,1.7741,1.7746
12704.000,1.7742,1.7745
12704.000,1.7742,1.7745
12704.000,1.7741,1.7745
12704.000,1.7740,1.7745
12704.000,1.7740,1.7678
12711.314,1.7785,1.7789
12736.914,1.7988,1.7766
12738.972,1.7959,1.7770
12738.972,1.7962,1.7767
12739.200,1.7975,1.7863
12739.200,1.7957,1.7781
12749.943,1.7678,1.7867
12766.400,1.7576,1.7953
12766.400,1.7567,1.7852
12782.400,1.7687,1.8060
12787.429,1.7790,1.7974
12802.972,1.7897,1.7986
12804.571,1.7829,1.7872
12811.200,1.7859,1.7677
12824.457,1.8046,1.7675
12826.286,1.7927,1.7936
12830.400,1.7873,1.7866
12842.743,1.7930,1.7950
12844.571,1.7770,1.7720
12862.857,1.7975,1.7651
12873.143,1.7990,1.7898
12887.771,1.7962,1.7753
12895.314,1.7975,1.7748
12909.485,1.7808,1.7898
12916.114,1.7748,1.7894
12916.114,1.7718,1.7893
12919.314,1.7939,1.7963
12941.943,1.7905,1.7699
12944.229,1.8113,1.8025
12965.943,1.7878,1.7716
12975.314,1.8035,1.7960
12993.371,1.7810,1.7726
13008.229,1.7963,1.7896
13008.229,1.7960,1.7895
13008.229,1.7984,1.7894
13008.229,1.7957,1.7892
13009.600,1.7843,1.8019
13022.629,1.8049,1.7752
13022.629,1.8049,1.7964
13045.028,1.7845,1.7694
13046.172,1.7933,1.7996
13049.143,1.7923,1.7983
13050.972,1.7798,1.7575
13069.485,1.7980,1.7754
13071.086,1.8022,1.7709
13087.543,1.8059,1.7902
13090.743,1.7755,1.7748
13106.972,1.7708,1.7867
13115.429,1.7669,1.7715
13133.028,1.8057,1.7910
13152.914,1.7849,1.7969
13153.600,1.7836,1.7970
13153.600,1.7832,1.7969
13155.886,1.7983,1.7789
13181.715,1.8144,1.7941
13192.914,1.7746,1.7780
13209.371,1.7754,1.7800
13234.515,1.7893,1.7773
13241.143,1.7763,1.7675
13251.886,1.8059,1.7708
13251.886,1.8060,1.7707
13251.886,1.8061,1.7706
13251.886,1.8060,1.7704
13251.886,1.8065,1.7710
13251.886,1.8060,1.7708
13251.886,1.8059,1.7709
13251.886,1.8059,1.7707
13251.886,1.8023,1.7703
13255.771,1.7798,1.7890
13278.857,1.7894,1.8013
13287.086,1.7734,1.7851
13305.371,1.7818,1.7961
13311.543,1.7759,1.7840
13328.457,1.7713,1.7884
13347.429,1.8015,1.7888
13347.429,1.8014,1.7886
13347.429,1.8014,1.7906
13347.657,1.7995,1.7906
13349.943,1.7827,1.7802
13365.715,1.7820,1.8099
13372.343,1.7894,1.7818
13393.829,1.8011,1.7871
13402.743,1.8006,1.7913
13402.743,1.8008,1.7912
13402.743,1.8009,1.7912
13402.743,1.7934,1.7808
13416.686,1.7982,1.7962
13438.172,1.7683,1.7768
13439.771,1.7844,1.7785
13455.771,1.7829,1.7951
13461.715,1.7663,1.7880
13463.086,1.7695,1.7850
13465.143,1.7934,1.8098
13468.571,1.7815,1.8106
13468.571,1.7789,1.8106
13468.571,1.7816,1.8096
13476.571,1.7802,1.7715
13496.000,1.7902,1.7803
13512.000,1.7958,1.7803
13518.629,1.7867,1.7806
13518.629,1.7866,1.7803
13518.629,1.7862,1.7776
13531.429,1.7820,1.7817
13544.457,1.8103,1.7900
13550.629,1.7982,1.7771
13560.000,1.7998,1.7863
13560.686,1.7935,1.7885
13575.543,1.8008,1.7826
13582.857,1.8009,1.8003
13593.829,1.7870,1.7778
13613.715,1.7947,1.7941
13619.200,1.7603,1.7903
13628.800,1.7803,1.7871
13640.457,1.7961,1.8055
13640.457,1.7961,1.8055
13640.457,1.7959,1.8055
13640.457,1.7961,1.8056
13640.457,1.7959,1.8160
13641.371,1.7899,1.8158
13641.600,1.7836,1.7726
13663.543,1.7929,1.8017
13664.686,1.7853,1.8020
13666.286,1.7686,1.8103
13679.086,1.8021,1.7972
13694.172,1.8073,1.7958
13694.629,1.8122,1.7955
13694.629,1.8122,1.7955
13694.629,1.8124,1.7955
13694.629,1.8098,1.7960
13695.086,1.8078,1.8100
13712.000,1.7746,1.7960
13729.143,1.7769,1.7829
13731.657,1.7888,1.7825
13731.657,1.7888,1.7796
13731.657,1.7887,1.7825
13731.657,1.7887,1.7902
13744.229,1.7812,1.7883
13757.943,1.7986,1.7957
13758.172,1.7968,1.7938
13774.857,1.7829,1.7924
13781.943,1.7908,1.7966
13782.400,1.7872,1.7885
13791.771,1.7586,1.7807
13801.829,1.7644,1.7788
13801.829,1.7640,1.7784
13801.829,1.7639,1.7767
13806.172,1.7749,1.7865
13821.028,1.7817,1.7966
13824.000,1.7511,1.7964
13824.229,1.7481,1.7759
13839.314,1.7520,1.7820
13841.600,1.7588,1.7731
13863.086,1.7571,1.7748
13867.657,1.7876,1.7715
13867.657,1.7899,1.7759
13874.286,1.7773,1.8071
13886.172,1.7786,1.7997
13896.686,1.7759,1.7777
13913.143,1.7784,1.7715
13913.829,1.7865,1.7709
13913.829,1.7865,1.7698
13921.600,1.7868,1.7813
13937.829,1.7903,1.7766
13938.286,1.7955,1.7774
13953.829,1.7928,1.8133
13958.172,1.7803,1.8083
13964.114,1.7904,1.7834
13986.743,1.8039,1.8103
13988.343,1.7924,1.8013
13999.543,1.7700,1.7742
14020.114,1.7890,1.7917
14030.400,1.7706,1.7847
14032.686,1.7971,1.8001
14045.943,1.7689,1.7941
14045.943,1.7689,1.7941
14045.943,1.7723,1.7926
14045.943,1.7725,1.7927
14045.943,1.7724,1.7926
14045.943,1.7731,1.7929
14045.943,1.7729,1.7930
14045.943,1.7728,1.7929
14045.943,1.7729,1.7928
14045.943,1.7729,1.7928
14045.943,1.7730,1.7929
14045.943,1.7729,1.7929
14045.943,1.7728,1.7927
14045.943,1.7729,1.7927
14045.943,1.7729,1.7927
14045.943,1.7728,1.7926
14045.943,1.7729,1.7928
14045.943,1.7732,1.7929
14045.943,1.7729,1.7930
14045.943,1.7730,1.7928
14045.943,1.7729,1.7930
14045.943,1.7730,1.7928
14045.943,1.7729,1.7928
14045.943,1.7730,1.7930
14045.943,1.7728,1.7929
14045.943,1.7728,1.7926
14045.943,1.7727,1.7927
14045.943,1.7730,1.7927
14045.943,1.7725,1.7926
14045.943,1.7726,1.7926
14045.943,1.7719,1.8045
14059.200,1.7884,1.8075
14075.886,1.7820,1.7906
14077.715,1.7722,1.7751
14095.314,1.7863,1.7987
14102.172,1.7710,1.7709
14104.457,1.7934,1.7843
14121.371,1.7961,1.8015
14131.429,1.7765,1.8061
14142.857,1.7920,1.8043
14152.686,1.8034,1.7821
14152.914,1.8030,1.7824
14173.257,1.7701,1.7832
14183.771,1.7983,1.7856
14194.743,1.7787,1.7892
14198.172,1.7807,1.7809
14212.114,1.7524,1.8099
14232.229,1.8056,1.7746
14232.229,1.8022,1.7736
14232.229,1.8026,1.7833
14254.400,1.7927,1.7742
14263.771,1.7999,1.7831
14270.172,1.7766,1.7802
14270.172,1.7816,1.7750
14285.028,1.7697,1.7963
14304.914,1.7896,1.7929
14309.028,1.7714,1.7839
14310.172,1.7876,1.7859
14310.172,1.7875,1.7859
14310.172,1.7900,1.7927
14334.629,1.7943,1.8079
14337.829,1.7785,1.7898
14348.571,1.7698,1.8021
14348.800,1.7686,1.7888
14373.257,1.8004,1.7805
14382.172,1.8024,1.7778
14382.172,1.8026,1.7780
14382.172,1.8026,1.7780
14382.172,1.8026,1.7781
14382.172,1.8024,1.7780
14382.172,1.8025,1.7779
14382.172,1.8023,1.7777
14382.172,1.8022,1.7780
14382.172,1.8025,1.7776
14382.400,1.8060,1.7753
14401.600,1.7926,1.7994
14402.743,1.7854,1.7995
14402.743,1.7855,1.7994
14402.743,1.7857,1.7994
14402.743,1.7856,1.7994
14402.743,1.7856,1.7995
14402.743,1.7855,1.7994
14402.743,1.7855,1.7993
14402.743,1.7856,1.7994
14402.743,1.7855,1.7993
14402.743,1.7855,1.7994
14402.743,1.7854,1.7993
14405.028,1.8010,1.7787
14405.257,1.8012,1.7786
14405.257,1.8010,1.7799
14413.485,1.8067,1.7924
14430.172,1.8019,1.7878
14432.000,1.7893,1.8005
14457.600,1.7813,1.7922
14458.286,1.7736,1.7922
14458.286,1.7736,1.7815
14469.715,1.8064,1.8011
14471.771,1.7937,1.8046
14479.086,1.7946,1.8046
14480.457,1.7898,1.7964
14494.400,1.8021,1.7826
14501.715,1.7987,1.7828
14501.715,1.7991,1.7830
14501.715,1.7994,1.7831
14502.400,1.7943,1.8062
14522.515,1.7731,1.8150
14546.058,1.7708,1.7974
14546.058,1.7705,1.8066
14562.058,1.7662,1.7920
14576.914,1.7682,1.8002
14594.972,1.7856,1.7972
14594.972,1.7857,1.8025
14605.485,1.8055,1.7982
14605.485,1.8055,1.7980
14605.485,1.8026,1.8017
14612.800,1.8034,1.7906
14629.028,1.7990,1.7984
14633.829,1.7858,1.7952
14652.343,1.8112,1.8011
14664.686,1.7688,1.8020
14674.286,1.7857,1.8007
14696.229,1.7537,1.7898
14702.400,1.7788,1.8063
14707.429,1.8022,1.7842
14714.058,1.7862,1.7864
14714.058,1.7861,1.7864
14714.286,1.7926,1.7966
14722.743,1.7997,1.7840
14725.028,1.7901,1.8102
14736.229,1.7655,1.7976
14740.800,1.8011,1.7910
14766.172,1.7694,1.8027
14769.143,1.7605,1.8004
14769.143,1.7606,1.8001
14769.143,1.7635,1.8002
14769.143,1.7604,1.8027
14769.143,1.7604,1.8002
14769.143,1.7605,1.8027
14769.143,1.7604,1.7934
14780.343,1.7914,1.7963
14801.600,1.7831,1.8033
14807.543,1.7612,1.8029
14813.257,1.7737,1.8048
14827.429,1.7990,1.7874
14827.429,1.7994,1.7875
14827.429,1.7998,1.7871
14832.686,1.7784,1.7976
14856.000,1.7774,1.7993
14862.629,1.7748,1.7883
14867.657,1.8032,1.7935
14879.543,1.7651,1.7899
14879.771,1.7657,1.7898
14879.771,1.7675,1.7783
14898.515,1.7999,1.7937
14905.143,1.7818,1.7920
14905.143,1.7843,1.7946
14905.143,1.7843,1.7944
14905.143,1.7842,1.7949
14932.343,1.7821,1.7954
14936.457,1.7604,1.7992
14936.457,1.7604,1.7992
14936.457,1.7669,1.7973
14959.543,1.7660,1.7911
14968.914,1.7890,1.7868
14970.515,1.8146,1.8054
14982.857,1.7702,1.8020
14998.857,1.7731,1.7898
15002.743,1.8046,1.8002
15015.314,1.7769,1.7894
15017.829,1.8018,1.7909
15042.515,1.7934,1.8097
15046.172,1.7719,1.7890
15049.829,1.7990,1.7954
15050.058,1.8010,1.7988
15050.058,1.7991,1.8033
15056.686,1.8032,1.7887
15056.686,1.8034,1.8005
15079.086,1.7867,1.8049
15081.143,1.8016,1.8045
15099.886,1.7811,1.8030
15106.515,1.7862,1.8064
15117.257,1.7664,1.7984
15144.457,1.7971,1.7981
15150.172,1.7822,1.7873
15150.400,1.7902,1.8044
15178.286,1.7862,1.7984
15186.515,1.7871,1.7994
15199.314,1.8046,1.8089
15216.000,1.8090,1.8161
15216.000,1.8089,1.8162
15216.000,1.8076,1.8137
15216.000,1.8082,1.8159
15218.286,1.7801,1.7898
15243.200,1.7721,1.8040
15250.972,1.7733,1.7925
15272.000,1.7961,1.7954
15274.743,1.7813,1.8139
15293.943,1.8209,1.8080
15297.371,1.8001,1.8080
15297.371,1.8005,1.8080
15297.371,1.8005,1.8081
15297.371,1.8002,1.8080
15297.371,1.8007,1.8055
15297.371,1.8007,1.8061
15297.371,1.8012,1.8060
15297.371,1.8007,1.8059
15297.371,1.8006,1.8060
15297.371,1.8006,1.8060
15297.371,1.8008,1.8059
15297.371,1.8006,1.8059
15297.371,1.8008,1.8061
15297.371,1.8005,1.8058
15297.371,1.7973,1.7855
15307.200,1.8021,1.8023
15320.914,1.7937,1.7825
15325.485,1.8132,1.7925
15337.600,1.7814,1.7942
15337.829,1.7810,1.7915
15337.829,1.7813,1.7901
15337.829,1.7810,1.7901
15337.829,1.7809,1.7901
15337.829,1.7808,1.7901
15337.829,1.7773,1.7827
15348.343,1.8153,1.7912
15364.343,1.8077,1.7751
15364.343,1.8073,1.7779
15380.114,1.8070,1.7798
15380.800,1.8109,1.7903
15399.771,1.7785,1.8032
15410.286,1.7742,1.7885
15410.286,1.7736,1.7871
15411.886,1.8023,1.7762
15436.571,1.8026,1.7754
15436.800,1.8059,1.7775
15457.600,1.7722,1.7891
15468.343,1.8086,1.7810
15468.343,1.8086,1.7797
15468.343,1.8090,1.8003
15492.571,1.7937,1.7827
15502.172,1.7902,1.7816
15509.715,1.7978,1.8073
15526.400,1.8021,1.7755
15534.629,1.7939,1.7899
15537.829,1.7654,1.7814
15553.829,1.7659,1.7906
15555.429,1.7813,1.7935
15555.429,1.7812,1.7938
15558.400,1.8062,1.7820
15576.229,1.7934,1.8116
15578.286,1.7780,1.8113
15603.429,1.7859,1.7894
15614.857,1.8019,1.8035
15618.058,1.7790,1.7844
15627.657,1.7970,1.7839
15627.657,1.7969,1.7841
15627.886,1.8037,1.7842
15651.429,1.8068,1.7965
15653.257,1.8229,1.8017
15667.657,1.7978,1.8192
15680.686,1.7802,1.8092
15680.686,1.7834,1.8125
15680.914,1.7816,1.8182
15700.571,1.8094,1.8009
15712.229,1.7856,1.8009
15712.229,1.7872,1.8207
15725.943,1.7947,1.7934
15749.715,1.7999,1.8102
15750.857,1.7981,1.8149
15770.286,1.7996,1.7885
15778.743,1.8069,1.7909
15778.743,1.8071,1.7907
15778.743,1.8070,1.7908
15778.743,1.8071,1.7910
15778.743,1.8070,1.8085
15799.314,1.7709,1.7784
15810.972,1.8029,1.7886
15810.972,1.8008,1.7822
15817.371,1.7885,1.8187
15838.400,1.7743,1.7844
15851.429,1.7846,1.8180
15852.571,1.7811,1.8181
15852.571,1.7811,1.8181
15852.571,1.7813,1.8181
15852.571,1.7814,1.8181
15852.571,1.7814,1.8181
15852.571,1.7814,1.8181
15852.571,1.7816,1.8182
15852.571,1.7790,1.8185
15852.571,1.7813,1.7937
15867.886,1.7914,1.8085
15887.771,1.7831,1.7999
15894.400,1.7760,1.7980
15894.400,1.7736,1.7979
15894.400,1.7742,1.7984
15894.400,1.7736,1.7981
15894.400,1.7757,1.7979
15894.400,1.7753,1.7982
15894.400,1.7759,1.7983
15894.400,1.7757,1.7983
15894.400,1.7755,1.7983
15894.400,1.7757,1.7982
15894.400,1.7754,1.7983
15894.400,1.7755,1.7983
15894.400,1.7755,1.7982
15894.400,1.7755,1.7982
15894.400,1.7756,1.7983
15894.400,1.7755,1.7983
15894.400,1.7755,1.7981
15894.400,1.7754,1.7979
15896.229,1.7944,1.7801
15918.629,1.7841,1.8083
15924.343,1.7927,1.8105
15930.515,1.7992,1.7931
15954.972,1.7880,1.8032
15954.972,1.7882,1.8032
15954.972,1.7883,1.8032
15954.972,1.7886,1.8034
15956.343,1.7832,1.7862
15977.600,1.7976,1.8051
15978.743,1.7896,1.8052
15978.743,1.7877,1.8053
15978.743,1.7876,1.8051
15978.743,1.7899,1.8050
15978.743,1.7900,1.8050
15978.743,1.7900,1.8051
15978.743,1.7899,1.8123
15991.086,1.7883,1.7861
16010.515,1.7852,1.7831
16016.457,1.7959,1.7828
16016.457,1.7958,1.7895
16029.028,1.7653,1.7810
16032.457,1.7932,1.8015
16048.000,1.8061,1.8149
16063.771,1.7892,1.7886
16063.771,1.7893,1.7887
16067.657,1.7700,1.7891
16083.886,1.7748,1.8059
16083.886,1.7712,1.8004
16097.371,1.7896,1.8100
16110.400,1.7803,1.7916
16118.629,1.7755,1.8070
16133.715,1.7736,1.7851
16136.229,1.7954,1.7924
16141.943,1.7688,1.8105
16160.229,1.7946,1.8125
16181.028,1.7627,1.8044
16184.457,1.7984,1.8070
16184.457,1.7969,1.8078
16184.457,1.7968,1.8071
16184.686,1.7903,1.7956
16206.400,1.7920,1.7981
16214.857,1.7979,1.7975
16217.143,1.7990,1.8107
16230.400,1.7920,1.8023
16230.629,1.7906,1.8073
16241.829,1.7716,1.7919
16253.257,1.7900,1.7950
16254.400,1.7940,1.7968
16262.172,1.8016,1.8089
16280.000,1.7864,1.7943
16300.571,1.7742,1.7866
16300.800,1.7808,1.7872
16300.800,1.7806,1.7871
16300.800,1.7804,1.7871
16300.800,1.7804,1.7871
16300.800,1.7804,1.7871
16300.800,1.7804,1.7870
16300.800,1.7805,1.7871
16300.800,1.7775,1.7871
16300.800,1.7803,1.7868
16300.800,1.7804,1.7869
16300.800,1.7805,1.7866
16304.686,1.7605,1.8127
16323.657,1.7758,1.8092
16336.686,1.7580,1.8066
16338.058,1.7503,1.8064
16338.058,1.7488,1.8074
16338.058,1.7493,1.8076
16338.058,1.7490,1.7905
16349.485,1.7984,1.8160
16352.457,1.7671,1.8161
16352.457,1.7657,1.8114
16357.943,1.7977,1.8010
16376.000,1.7731,1.8131
16387.428,1.7877,1.8116
16391.314,1.7811,1.8116
16392.229,1.7702,1.7924
16405.943,1.7874,1.8050
16418.057,1.7785,1.7845
16418.057,1.7787,1.7843
16418.057,1.7762,1.7790
16430.172,1.7811,1.7771
16452.801,1.7894,1.8019
16456.000,1.7676,1.7875
16464.000,1.7491,1.7909
16484.115,1.7974,1.7933
16492.572,1.7928,1.7954
16492.572,1.7903,1.8089
16502.629,1.7625,1.8070
16512.229,1.7668,1.7924
16528.000,1.7625,1.7977
16546.514,1.8035,1.7841
16548.344,1.7905,1.8002
16570.057,1.8001,1.7941
16581.486,1.7706,1.8074
16581.486,1.7706,1.8073
16581.486,1.7705,1.8071
16581.486,1.7708,1.8073
16582.172,1.7695,1.8028
16582.172,1.7650,1.7790
16603.199,1.7820,1.8058
16625.828,1.7966,1.7809
16625.828,1.7963,1.8045
16641.371,1.7946,1.8070
16659.199,1.7747,1.8007
16661.029,1.7680,1.8046
16663.543,1.7801,1.7878
16685.486,1.7582,1.7933
16690.285,1.7944,1.7969
16698.971,1.7973,1.7822
16715.658,1.7836,1.7830
16721.143,1.8049,1.7862
16726.857,1.7838,1.8030
16743.771,1.7942,1.8049
16749.258,1.7687,1.7870
16760.229,1.8043,1.8041
16772.801,1.7592,1.7935
16773.029,1.7569,1.7867
16784.229,1.8018,1.8032
16804.344,1.7696,1.7852
16806.172,1.7908,1.7898
16829.029,1.7833,1.8022
16836.115,1.7656,1.8011
16836.115,1.7650,1.8003
16836.801,1.7745,1.7896
16860.572,1.7833,1.7901
16876.344,1.7822,1.8057
16879.771,1.7967,1.8135
16893.943,1.8080,1.7897
16905.600,1.7672,1.8008
16915.887,1.7919,1.7936
16915.887,1.7916,1.7934
16919.086,1.7900,1.8099
16938.742,1.7794,1.7912
16948.572,1.8022,1.7920
16949.029,1.8049,1.7942
16949.029,1.8066,1.7886
16964.572,1.8057,1.8049
16981.258,1.7946,1.7953
16992.457,1.7648,1.7948
17001.371,1.7744,1.7872
17014.857,1.7717,1.8081
17014.857,1.7731,1.7851
17037.258,1.7726,1.7948
17051.658,1.8092,1.7862
17051.658,1.8085,1.7739
17073.371,1.7846,1.8051
17081.828,1.7931,1.7802
17083.199,1.7964,1.7842
17100.572,1.7836,1.8071
17109.715,1.7673,1.8041
17109.715,1.7649,1.8079
17109.943,1.7620,1.7878
17125.486,1.7706,1.7727
17138.514,1.7947,1.7786
17140.115,1.7738,1.7889
17174.400,1.7689,1.7866
17175.771,1.7803,1.8016
17190.629,1.7705,1.7900
17207.771,1.7764,1.7844
17207.771,1.7786,1.7988
17223.543,1.7795,1.8129
17244.801,1.7754,1.8043
17244.801,1.7733,1.7869
17265.371,1.7847,1.7908
17288.914,1.8013,1.8012
17289.371,1.7994,1.8086
17309.715,1.7873,1.7890
17327.314,1.8101,1.7889
17330.971,1.7809,1.7918
17356.572,1.7761,1.8029
17378.971,1.7601,1.8004
17378.971,1.7573,1.8146
17399.086,1.8041,1.8026
17416.914,1.7777,1.7921
17427.887,1.7890,1.7823
17427.887,1.7848,1.8097
17456.686,1.7643,1.8134
17464.914,1.7623,1.8131
17467.199,1.7843,1.7922
17497.143,1.7644,1.7942
17511.086,1.7786,1.8087
17512.229,1.7654,1.8095
17542.400,1.7686,1.7904
17555.887,1.8057,1.8020
17555.887,1.8023,1.7972
17569.371,1.7892,1.8099
17599.314,1.7706,1.7879
17601.600,1.7935,1.8052
17621.715,1.7732,1.7840
17639.771,1.7656,1.8015
17640.229,1.7734,1.8093
17657.600,1.8051,1.7901
17666.057,1.8091,1.7937
17666.057,1.8094,1.7936
17666.057,1.8091,1.7992
17670.172,1.7700,1.7997
17670.172,1.7698,1.7835
17682.742,1.7960,1.8077
17690.971,1.8018,1.8082
17698.285,1.8129,1.8015
17730.514,1.8021,1.8003
17730.514,1.8042,1.8060
17743.314,1.8002,1.7939
17769.600,1.8094,1.7918
17769.828,1.8090,1.7898
17791.086,1.7997,1.7819
17800.914,1.8082,1.7842
17800.914,1.8123,1.7870
17815.771,1.8040,1.8096
17827.199,1.7843,1.8177
17836.344,1.7656,1.8067
17860.115,1.7600,1.8094
17860.115,1.7645,1.8108
17869.486,1.7871,1.8153
17885.258,1.7778,1.8008
17885.258,1.7775,1.8091
17911.314,1.8084,1.8031
17925.715,1.7878,1.8019
17925.715,1.7875,1.8264
17946.971,1.7572,1.8022
17960.457,1.7802,1.8208
17960.686,1.7771,1.8088
17985.371,1.7896,1.7995
17997.029,1.7865,1.7913
17999.771,1.7971,1.8206
18021.715,1.8022,1.8067
18035.658,1.7904,1.7872
18035.658,1.7932,1.7987
18052.344,1.8018,1.7943
18052.344,1.8018,1.7942
18052.344,1.8021,1.7941
18052.344,1.8017,1.7940
18056.229,1.7812,1.8116
18080.686,1.7822,1.8020
18081.600,1.7798,1.7997
18117.029,1.8055,1.7960
18121.371,1.7796,1.7973
18141.715,1.7938,1.7924
18167.543,1.7905,1.7986
18167.771,1.7918,1.7974
18194.742,1.8100,1.7907
18201.371,1.7826,1.7892
18202.285,1.8007,1.7999
18226.285,1.8030,1.7896
18239.771,1.7708,1.8003
18240.000,1.7750,1.7980
18256.914,1.7873,1.8057
18281.600,1.7986,1.7835
18282.285,1.8061,1.7837
18290.057,1.8093,1.7651
18314.514,1.7931,1.7767
18320.229,1.7959,1.7801
18326.629,1.7851,1.7987
18348.115,1.7825,1.7568
18362.057,1.7983,1.7574
18362.057,1.7999,1.7660
18380.115,1.7886,1.7689
18394.057,1.7928,1.7920
18402.285,1.7852,1.7791
18402.285,1.7862,1.7938
18424.000,1.7858,1.7786
18439.543,1.7690,1.7887
18439.543,1.7721,1.7846
18439.543,1.7721,1.7795
18448.457,1.7892,1.8047
18471.771,1.7736,1.7819
18471.771,1.7735,1.7858
18471.771,1.7752,1.7860
18471.771,1.7718,1.7859
18474.742,1.7925,1.7817
18493.486,1.7691,1.7830
18505.600,1.7946,1.7820
18507.428,1.7896,1.7973
18528.457,1.7831,1.7970
18542.172,1.7624,1.7842
18544.914,1.7848,1.7843
18553.371,1.8057,1.8130
18571.658,1.7820,1.7847
18581.943,1.7757,1.7883
18582.172,1.7721,1.7882
18604.115,1.7788,1.7761
18616.000,1.7961,1.8030
18620.572,1.7789,1.7918
18638.172,1.7619,1.7917
18654.857,1.7746,1.8031
18666.057,1.7824,1.8085
18668.572,1.7515,1.7878
18697.371,1.7904,1.7986
18711.314,1.7877,1.7892
18711.314,1.7876,1.7894
18733.486,1.7890,1.7944
18749.258,1.7713,1.8114
18761.828,1.7719,1.8186
18761.828,1.7755,1.7959
18774.172,1.7861,1.7860
18774.172,1.7860,1.7861
18774.172,1.7860,1.7860
18774.172,1.7860,1.7859
18774.172,1.7859,1.7859
18774.172,1.7859,1.7857
18774.172,1.7859,1.7858
18774.172,1.7860,1.7859
18774.172,1.7860,1.7858
18774.172,1.7831,1.7856
18774.172,1.7859,1.7857
18774.172,1.7830,1.7858
18774.172,1.7828,1.7857
18774.172,1.7861,1.7898
18776.686,1.7871,1.7891
18787.658,1.7525,1.8053
18796.115,1.7672,1.7969
18803.887,1.7573,1.7993
18804.572,1.7626,1.7993
18804.572,1.7623,1.7991
18804.572,1.7625,1.7991
18804.572,1.7625,1.7992
18804.572,1.7625,1.7992
18804.572,1.7624,1.7992
18804.572,1.7621,1.7990
18804.572,1.7621,1.7990
18804.572,1.7623,1.7989
18804.572,1.7621,1.7992
18804.572,1.7622,1.7991
18804.572,1.7622,1.7991
18804.572,1.7623,1.7990
18804.572,1.7621,1.7990
18804.572,1.7648,1.8015
18814.172,1.7908,1.7994
18818.971,1.7512,1.7990
18820.572,1.7680,1.8047
18837.258,1.7884,1.7948
18853.943,1.7967,1.7840
18854.400,1.7993,1.7933
18876.115,1.7927,1.7971
18882.285,1.7675,1.7972
18882.285,1.7651,1.7952
18882.285,1.7675,1.7795
18894.400,1.7886,1.7785
18920.914,1.7633,1.7982
18936.000,1.7843,1.8013
18948.115,1.8007,1.8039
18953.600,1.7836,1.8070
18954.971,1.7869,1.8085
18978.514,1.7834,1.8160
18983.543,1.7847,1.8151
18988.801,1.8066,1.8007
19017.600,1.7524,1.7972
19020.801,1.8014,1.7952
19020.801,1.8014,1.7954
19020.801,1.8014,1.7951
19020.801,1.8015,1.7951
19020.801,1.8038,1.7946
19020.801,1.8040,1.7947
19020.801,1.8037,1.7949
19021.258,1.8046,1.7996
19021.486,1.8019,1.8100
19022.857,1.7950,1.8106
19022.857,1.7947,1.8109
19022.857,1.7954,1.8081
19041.600,1.7704,1.8081
19051.199,1.7874,1.7998
19061.029,1.7991,1.8015
19061.486,1.7914,1.7902
19088.686,1.7696,1.7856
19091.199,1.7912,1.7859
19091.199,1.7913,1.7852
19091.428,1.7966,1.8041
19112.000,1.7752,1.8105
19122.285,1.8039,1.7866
19130.971,1.7979,1.7805
19130.971,1.7978,1.8017
19147.658,1.8062,1.7853
19165.029,1.7873,1.8156
19179.887,1.7904,1.7924
19179.887,1.7950,1.7919
19179.887,1.7945,1.7941
19179.887,1.7928,1.7957
19187.199,1.7938,1.7952
19194.971,1.8057,1.7804
19207.543,1.7630,1.8091
19216.686,1.7709,1.7886
19216.686,1.7705,1.7826
19219.428,1.7991,1.8126
19228.572,1.7908,1.7879
19242.971,1.8012,1.7898
19251.887,1.7913,1.7967
19251.887,1.7930,1.7962
19253.486,1.7797,1.8125
19273.143,1.7786,1.7801
19284.572,1.7929,1.7762
19288.914,1.7814,1.7790
19288.914,1.7810,1.7768
19296.457,1.7770,1.7851
19311.543,1.7774,1.7794
19330.057,1.7954,1.7714
19337.371,1.7928,1.7755
19348.115,1.7863,1.7852
19369.143,1.7913,1.7769
19369.600,1.8000,1.7770
19376.914,1.7979,1.8046
19405.486,1.7728,1.7805
19408.000,1.7819,1.7707
19420.115,1.7740,1.7997
19444.344,1.7803,1.7993
19444.801,1.7783,1.7999
19444.801,1.7764,1.7975
19444.801,1.7765,1.7952
19465.828,1.7851,1.7959
19482.057,1.7905,1.7893
19496.686,1.7938,1.7890
19504.000,1.8014,1.7758
19504.000,1.8039,1.7891
19522.285,1.7852,1.7967
19549.943,1.7645,1.7782
19554.742,1.7650,1.8075
19554.742,1.7647,1.7841
19580.115,1.7535,1.7923
19593.828,1.7693,1.8022
19593.828,1.7701,1.8017
19593.828,1.7659,1.7808
19610.285,1.7752,1.7920
19616.914,1.7782,1.7954
19632.000,1.7877,1.8040
19633.828,1.7726,1.7899
19649.828,1.7714,1.7801
19674.971,1.7598,1.7915
19677.258,1.7679,1.7899
19679.314,1.8035,1.7914
19703.771,1.7922,1.8025
19720.914,1.7736,1.7864
19732.801,1.7621,1.7927
19733.029,1.7613,1.7993
19754.971,1.7521,1.8071
19781.486,1.7879,1.8061
19784.914,1.7747,1.8061
19792.229,1.7793,1.7981
19822.857,1.7913,1.7853
19837.258,1.7930,1.7789
19837.258,1.7929,1.7844
19851.887,1.7825,1.7982
19879.543,1.7795,1.8099
19891.658,1.7743,1.7871
19892.344,1.7928,1.7785
19922.514,1.7714,1.7923
19944.229,1.7833,1.7876
19953.371,1.7670,1.7911
19961.371,1.7758,1.7811
19989.486,1.7973,1.7918
20008.914,1.7709,1.8073
20008.914,1.7724,1.7802
20035.428,1.7901,1.7923
20058.285,1.7873,1.7809
20058.514,1.7918,1.8062
20087.771,1.7668,1.7723
20115.658,1.8110,1.7803
20119.771,1.7739,1.7801
20129.371,1.7944,1.8035
20154.057,1.8054,1.7835
20164.344,1.7958,1.8076
20165.258,1.7927,1.8006
20200.686,1.7902,1.7957
20220.572,1.7717,1.8050
20220.572,1.7752,1.7981
20244.801,1.7717,1.8042
20273.143,1.7991,1.7894
20273.828,1.8025,1.8043
20285.486,1.7637,1.8107
20310.629,1.7804,1.7830
20321.143,1.7970,1.7987
20323.887,1.7758,1.7783
20353.600,1.7863,1.7960
20363.887,1.7747,1.7875
20368.229,1.7973,1.7942
20400.914,1.7838,1.7656
20417.828,1.7752,1.8053
20418.742,1.7702,1.7988
20452.344,1.7734,1.7870
20470.400,1.8013,1.7860
20470.400,1.8032,1.7895
20485.258,1.7900,1.7727
20522.057,1.7794,1.7764
20531.658,1.7941,1.7768
20534.400,1.8016,1.7938
20567.771,1.7863,1.7659
20580.572,1.7909,1.7693
20588.115,1.8010,1.7789
20622.400,1.7922,1.7561
20629.258,1.7965,1.7558
20644.115,1.8006,1.7877
20677.486,1.8054,1.7782
20683.199,1.7729,1.8047
20708.115,1.7987,1.8083
20722.742,1.7838,1.7799
20724.115,1.7967,1.7742
20759.086,1.7798,1.7750
20775.543,1.7747,1.8003
20775.543,1.7782,1.8092
20795.428,1.8083,1.7847
20810.514,1.8000,1.7680
20813.258,1.7952,1.7958
20840.000,1.7756,1.7995
20846.857,1.7688,1.8000
20846.857,1.7722,1.7975
20846.857,1.7722,1.7975
20846.857,1.7722,1.7974
20846.857,1.7689,1.7997
20846.857,1.7686,1.7999
20846.857,1.7722,1.7999
